2		
0		
2		
2		
NOTULEN		
VERGADERING		
GEMEENTERAAD		
UTRECHT		
13e		
vergadering		
-		
15		
september		
2022		
Vergadering		
van		
de		
gemeenteraad		
","		
gehouden		
op		
donderdag		
15		
september		
2022		
te		
10.00		
uur		
.		
B_		B_PER_1
:		
mevrouw		B_PER_1
Dijksma	B-PER	I_PER_1
,		
burgemeester		B_PER_1
,		
afgewisseld		
door		
de		B_PER_2
heer		I_PER_2
Zwanenberg	B-PER	I_PER_2
.		
Aanwezig		
zijn		
de		
leden		
:		
Assen	B-PER	B_PER_3
,		
Al-Saqaff	B-PER	B_PER_4
,		
Bakker	B-PER	B_PER_5
,		
Bode	B-PER	B_PER_6
,		
Bosch	B-PER	B_PER_7
,		
Chirino	B-PER	B_PER_8
,		
Dada-Anthonij	B-PER	B_PER_9
,		
Dekkers	B-PER	B_PER_10
,		
Deldjou	B-PER	B_PER_11
Fard	I-PER	I_PER_11
,		
Dijkstra	B-PER	B_PER_12
,		
Fattal	B-PER	B_PER_13
,		
Heijne	B-PER	B_PER_14
,		
Hellevoort	B-PER	B_PER_15
,		
Hessel	B-PER	B_PER_16
,		
Van	B-PER	B_PER_17
Heuven	I-PER	I_PER_17
,		
Te	B-PER	B_PER_18
Hoonte	I-PER	I_PER_18
,		
Hornsveld	B-PER	B_PER_19
,		
Kendir	B-PER	B_PER_20
,		
Kleinrensink	B-PER	B_PER_21
,		
Koning	B-PER	B_PER_22
,		
Maas	B-PER	B_PER_23
,		
Meerding	B-PER	B_PER_24
,		
Nolten	B-PER	B_PER_25
,		
Oudejans	B-PER	B_PER_26
,		
De	B-PER	B_PER_27
Pagter	I-PER	I_PER_27
,		
Passier	B-PER	B_PER_28
,		
Peters	B-PER	B_PER_29
,		
Ramaker	B-PER	B_PER_30
,		
Raaijmakers	B-PER	B_PER_31
,		
Sasbrink	B-PER	B_PER_32
,		
Snippe	B-PER	B_PER_33
,		
Van	B-PER	B_PER_34
Steeg	I-PER	I_PER_34
,		
Stellinga	B-PER	B_PER_35
,		
Stylianou	B-PER	B_PER_36
,		
Sungur	B-PER	B_PER_37
,		
Vasters	B-PER	B_PER_38
,		
Vermeulen	B-PER	B_PER_39
,		
Van	B-PER	B_PER_40
Vliet	I-PER	I_PER_40
,		
Van	B-PER	B_PER_41
der	I-PER	I_PER_41
Wilt	I-PER	I_PER_41
,		
Zwanenberg	B-PER	B_PER_42
,		
Van	B-PER	B_PER_43
der	I-PER	I_PER_43
Zweth	I-PER	I_PER_43
en		
Zwinkels	B-PER	B_PER_44
.		
Afwezig		
zijn		
de		
leden		
:		
Bos	B-PER	B_PER_45
,		
Van	B-PER	B_PER_46
der	I-PER	I_PER_46
Graaf	I-PER	I_PER_46
en		
Talhaoui	B-PER	B_PER_47
.		
Aanwezig		
zijn		
de		
wethouders		
:		
Eerenberg	B-PER	B_PER_48
,		
Van	B-PER	B_PER_49
Hooijdonk	I-PER	I_PER_49
,		
Oosters	B-PER	B_PER_50
,		
Schilderman	B-PER	B_PER_51
,		
Streefland	B-PER	B_PER_52
en		
De	B-PER	B_PER_53
Vries	I-PER	I_PER_53
.		
Tevens		
aanwezig		
:		
de		
heren		
Venhoeven	B-PER	B_PER_54
(		
voorzitter		B_PER_54
Rekenkamer		I_PER_54
)		
en		
Keulen	B-PER	
(		
lid		
Rekenkamer		
)		
.		
Griffier		B_PER_55
:		
mevrouw		
Van	B-PER	B_PER_55
Hall	I-PER	I_PER_55
.		
1.		
Opening		
en		
mededelingen		
.		
De		B_PER_1
voorzitter		I_PER_1
opent		
de		
vergadering		
en		
heet		
de		
aanwezigen		
welkom		
","		
ook		
de		
mensen		
die		
thuis		
meekijken		
.		
Tijdens		
de		
middagschorsing		
,		
rond		
13.00		
uur		
,		
zal		
de		
presentatie		
van		
de		
Programmabegroting		
2023		
plaatsvinden		
in		
de		
hal		
van		
het		
stadhuis		
.		
Iedereen		
is		
daar		
uiteraard		
van		
harte		
bij		
uitgenodigd		
.		
Bericht		
van		
verhindering		
is		
ingekomen		
van		
de		
leden		
Talhoui	B-PER	B_PER_47
,		
Van	B-PER	B_PER_46
der	I-PER	I_PER_46
Graaf	I-PER	I_PER_46
en		
Bos	B-PER	B_PER_45
.		
Namens		
de		
raad		
wil		
zij		B_PER_1
de		B_PER_45
heer		I_PER_45
Bos	B-PER	I_PER_45
heel		
veel		
sterkte		
wensen		
met		
het		
verlies		
van		
zijn		B_PER_45
vader		
,		
tevens		
fractiemedewerker		
van		
Stadsbelang		
Utrecht		
,		
Hein	B-PER	B_PER_45
Bos.	I-PER	I_PER_45
2.		
Vaststelling		
agenda		
.		
De		
agenda		
.		
De		B_PER_1
voorzitter		I_PER_1
opent		
de		
vergadering		
en		
heet		
de		
aanwezigen		
welkom		
","		
ook		
de		
mensen		
die		
thuis		
meekijken		
.		
Tijdens		
de		
middagschorsing		
,		
rond		
13.00		
uur		
,		
zal		
de		
presentatie		
van		
de		
Programmabegroting		
2023		
plaatsvinden		
in		
de		
hal		
van		
het		
stadhuis		
.		
Iedereen		
is		
daar		
uiteraard		
van		
harte		
bij		
uitgenodigd		
.		
Bericht		
van		
verhindering		
is		
ingekomen		
van		
de		
leden		
Talhoui	B-PER	B_PER_47
,		
Van	B-PER	B_PER_46
der	I-PER	I_PER_46
Graaf	I-PER	I_PER_46
en		
Bos	B-PER	B_PER_45
.		
Namens		
de		
raad		
wil		
zij		B_PER_1
de		B_PER_45
heer		I_PER_45
Bos	B-PER	I_PER_45
heel		
veel		
sterkte		
wensen		
met		
het		
verlies		
van		
zijn		B_PER_45
vader		
,		
tevens		
fractiemedewerker		
van		
Stadsbelang		
Utrecht		
,		
Hein	B-PER	B_PER_45
Bos.	I-PER	I_PER_45
2.		
Vaststelling		
agenda		
.		
De		
agenda		
wordt		
zonder		
stemming		
ongewijzigd		
vastgesteld		
.		
3.		
Ingekomen		
stukken		
.		
Raadsvergadering		
van		
15		
september		
2022		
2		
Met		
betrekking		
tot		
de		
ingekomen		
stukken		
wordt		
zonder		
stemming		
besloten		
overeenkomstig		
hetgeen		
daaromtrent		
is		
voorgesteld		
.		
De		B_PER_1
voorzitter		I_PER_1
merkt		
op		
dat		
men		
onder		
de		
ingekomen		
stukken		
een		
brief		
aantreft		
van		
Carolien	B-PER	B_PER_56
de	I-PER	I_PER_56
Boer	I-PER	I_PER_56
,		
waarin		
zij		B_PER_56
haar		B_PER_56
afscheid		
als		
lid		
van		
onze		
Rekenkamer		
aankondigt		
.		
Carolien	B-PER	B_PER_56
kan		
vandaag		
niet		
aanwezig		
zijn		
,		
maar		
volgt		
de		
raadsvergadering		
vanuit		
huis		
.		
Dat		
is		
helaas		
niet		
zonder		
reden		
,		
want		
zij		B_PER_56
heeft		
onlangs		
aangekondigd		
dat		
zij		B_PER_56
vanwege		
gezondheidsredenen		
stopt		
met		
haar		B_PER_56
werk		
als		
lid		
van		
de		
Rekenkamer		
.		
In		
de		
brief		
waarin		
zij		B_PER_56
haar		B_PER_56
vertrek		
aankondigt		
,		
schrijft		
zij		B_PER_56
dat		
ze		B_PER_56
sinds		
haar		B_PER_56
komst		
in		
2018		
altijd		
met		
veel		
plezier		
bestuurslid		
van		
onze		
Rekenkamer		
was		
.		
Haar		B_PER_56
hoogtepunten		
waren		
de		
bijdragen		
aan		
de		
onderzoeken		
rond		
de		
Participatiewet		
,		
de		
laaggeletterdheid		
en		
de		
energietransitie		
.		
Zij		B_PER_56
kijkt		
vooral		
met		
veel		
voldoening		
terug		
op		
de		
goede		
samenwerking		
tussen		
bestuur		
en		
staf		
van		
de		
Rekenkamer		
en		
natuurlijk		
met		
de		
gemeenteraad		
.		
Zij		B_PER_56
had		
altijd		
een		
scherp		
oog		
voor		
het		
ingewikkelde		
krachtenveld		
waarin		
overheidsorganisaties		
moeten		
werken		
.		
Bij		
haar		B_PER_56
komst		
,		
vijf		
jaar		
geleden		
,		
leerde		
de		
raad		
haar		B_PER_56
kennen		
als		
een		
groot		
voorstander		
van		
andere		
en		
nieuwe		
onderzoeksmethoden		
,		
anders		
dan		
die		
de		
Rekenkamer		
altijd		
gewend		
was		
.		
Zij		B_PER_56
wilde		
niet		
alleen		
ambtenaren		
en		
betrokken		
organisaties		
interviewen		
,		
maar		
maakte		
zich		
ook		
hard		
voor		
het		
houden		
van		
peilingen		
onder		
de		
Utrechters		
en		
het		
uitvoeren		
van		
casestudy		
s		
.		
De		
resultaten		
daarvan		
moeten		
op		
een		
aansprekende		
,		
begrijpelijke		
en		
niet		
te		
uitgebreide		
manier		
worden		
gepresenteerd		
.		
Zij		B_PER_56
liet		
liever		
beelden		
en		
infographics		
zien		
.		
Ze		B_PER_56
stelt		
vast		
dat		
Carolien		B_PER_56
het		
bewijs		
is		
dat		
het		
belangrijke		
werk		
van		
de		
Rekenkamer		
voortdurend		
in		
ontwikkeling		
is		
.		
Zij		B_PER_56
hoopt		
dat		
dat		
zo		
blijft		
,		
maar		
daar		
heeft		
zij		B_PER_56
alle		
vertrouwen		
in		
.		
Helaas		
zal		
dat		
gebeuren		
zonder		
de		
inzet		
en		
de		
kennis		
van		
Carolien	B-PER	B_PER_56
,		
en		
haar		B_PER_56
wil		
om		
altijd		
weer		
te		
vernieuwen		
.		
Namens		
alle		
leden		
van		
de		
raad		
en		
de		
medewerkers		
dankt		
zij		
Carolien	B-PER	B_PER_56
voor		
haar		B_PER_56
waardevolle		
inzet		
voor		
de		
stad		
.		
Zij		
wenst		
Carolien	B-PER	B_PER_56
het		
allerbeste		
toe		
.		
(		
Applaus		
.		
)		
(		
De		B_PER_1
voorzitter		I_PER_1
toont		
daarop		
het		
schilderij		
dat		
Carolien	B-PER	B_PER_56
als		
dank		
ontvangt		
.		
)		
De		B_PER_54
heer		I_PER_54
Venhoeven	B-PER	I_PER_54
(		
voorzitter		B_PER_54
Rekenkamer		I_PER_54
)		
merkt		
op		
dat		
hij		B_PER_54
en		
de		
overige		
leden		
van		
de		
Rekenkamer		
nu		
niet		
in		
niet		
in		
de		
gelegenheid		
zijn		
om		
Carolien	B-PER	B_PER_56
persoonlijk		
toe		
te		
spreken		
.		
Voor		
nu		
wil		
hij		B_PER_54
haar		B_PER_56
alvast		
danken		
voor		
haar		
waardevolle		
bijdragen		
aan		
de		
Rekenkamer		
en		
voor		
de		
prettige		
collegialiteit		
.		
De		
leden		
van		
de		
Rekenkamer		
zullen		
haar		B_PER_56
missen		
,		
maar		
zullen		
met		
een		
glimlach		
en		
vol		
waardering		
aan		
haar		B_PER_56
terugdenken		
.		
Wanneer		
Carolien	B-PER	B_PR_56
daaraan		
toe		
is		
,		
neemt		
de		
Rekenkamer		
nog		
graag		
persoonlijk		
afscheid		
van		
haar		B_PER_56
.		
Hij		B_PER_54
wenst		
haar		B_PER_56
alle		
goeds		
,		
ook		
namens		
Sjoerd	B-PER	B_PER_57
,		
Gerth	B-PER	B_PER_58
,		
Gert	B-PER	B_PER_59
Jan	I-PER	I_PER_59
en		
alle		
nu		
niet		
aanwezige		
collega's		
van		
de		
Rekenkamer		
.		
De		B_PER_1
voorzitter		I_PER_1
merkt		
op		
dat		
de		
procedure		
voor		
de		
opvolging		
van		
Carolien	B-PER	B_PER_56
nu		
in		
gang		
wordt		
gezet		
.		
Zij		B_PER_1
hoopt		
dat		
er		
over		
enige		
weken		
een		
opvolger		
benoemd		
kan		
worden		
.		
4.		
Geheimhouding		
.		
De		B_PER_1
voorzitter		I_PER_1
stelt		
voor		
om		
,		
conform		
artikel		
25		
,		
lid		
3		
van		
de		
Gemeentewet		
,		
de		
door		
het		
college		
opgelegde		
geheimhouding		
van		
de		
documenten		
zoals		
vermeld		
in		
de		
bij		
de		
agenda		
gevoegde		
bijlage		
,		
inclusief		
de		
aanpassing		
,		
te		
bekrachtigen		
.		
Zij		B_PER_1
heeft		
begrepen		
dat		
de		B_PER_37
heer		I_PER_37
Sungur	B-PER	I_PER_37
een		
opmerking		
heeft		
met		
betrekking		
tot		
het		
proces		
bij		
een		
van		
Raadsvergadering		
van		
15		
september		
2022		
3		
de		
geheime		
stukken		
.		
Als		
het		
bij		
opmerkingen		
over		
het		
proces		
blijft		
,		
kunnen		
die		
in		
openbaarheid		
gemaakt		
worden		
.		
Zij		B_PER_1
stelt		
vast		
dat		
dit		
het		
geval		
is		
.		
De		B_PER_37
heer		I_PER_37
Sungur	B-PER	I_PER_37
(		
DENK		
)		
wil		
dat		
de		
geheimhouding		
ten		
aanzien		
van		
het		
conceptrapport		
Constitutioneel		
racisme		
niet		
wordt		
bekrachtigd		
.		
De		
afspraak		
in		
de		
raad		
is		
dat		
alles		
openbaar		
en		
transparant		
behandeld		
wordt		
,		
tenzij		
dat		
niet		
mogelijk		
is		
.		
Nu		
wordt		
een		
rapport		
volledig		
geheim		
verklaard		
,		
wat		
niet		
strookt		
met		
de		
visie		
op		
een		
open		
overheid		
.		
Zijn		B_PER_37
fractie		
heeft		
in		
de		
commissie		
nadrukkelijk		
aangegeven		
dat		
ze		
best		
snapt		
dat		
onderdelen		
in		
het		
conceptrapport		
zwart		
gelakt		
moeten		
worden		
,		
maar		
dat		
ze		
niet		
kan		
vatten		
dat		
wordt		
aangedrongen		
op		
een		
volledige		
en		
permanente		
geheimhouding		
.		
Als		
reden		
wordt		
opgegeven		
:		
een		
eventueel		
openbaar		
debat		
over		
een		
onvoldragen		
en		
niet		
bestuurlijk		
onderschreven		
conceptversie		
dient		
niet		
het		
doel		
van		
onze		
gezamenlijke		
inzet		
op		
dit		
belangrijke		
onderwerp		
.		
Hij		B_PER_37
vindt		
dit		
geen		
grond		
om		
iets		
geheim		
te		
verklaren		
.		
Zijn		B_PER_37
fractie		
vindt		
juist		
openheid		
heel		
belangrijk		
.		
Er		
zit		
bijna		
een		
verschil		
van		
80		
pagina's		
tussen		
het		
concept		
en		
het		
definitieve		
rapport		
.		
Daar		
wil		
hij		B_PER_37
in		
alle		
openheid		
vragen		
over		
kunnen		
stellen		
.		
Ook		
de		
conclusies		
lijken		
van		
elkaar		
te		
verschillen		
.		
Vage		
redenen		
als		
mensen		
moeten		
in		
openheid		
of		
vrijheid		
kunnen		
spreken		
,		
het		
waren		
ruwe		
schetsen		
hebben		
hier		
wat		
zijn		B_PER_37
fractie		
betreft		
niets		
mee		
te		
maken		
.		
Hij		B_PER_37
hoopt		
dat		
de		
raad		
het		
belang		
van		
een		
open		
overheid		
hoog		
in		
het		
vaandeel		
heeft		
staan		
en		
de		
geheimhouding		
niet		
zal		
bekrachtigen		
.		
Mocht		
dit		
wel		
gebeuren		
,		
dan		
kondigt		
hij		B_PER_37
aan		
dat		
hij		B_PER_37
als		
belanghebbende		
daartegen		
bezwaar		
zal		
maken		
en		
eventueel		
ook		
in		
beroep		
zal		
gaan		
bij		
de		
rechter		
.		
De		B_PER_12
heer		I_PER_12
Dijkstra	B-PER	I_PER_12
(		
EenUtrecht		
)		
sluit		
zich		
volledig		
aan		
bij		
de		
oproep		
van		
de		B_PER_37
heer		I_PER_37
Sungur	B-PER	I_PER_37
.		
Hij		B_PER_12
geeft		
iedereen		
in		
overweging		
dat		
de		
raad		
,		
door		
dit		
rapport		
in		
zijn		B_PER_12
volledigheid		
geheim		
te		
verklaren		
,		
de		
verdenking		
op		
zich		
laadt		
dat		
er		
iets		
toe		
te		
dekken		
is		
.		
Dat		
zou		
het		
proces		
schaden		
en		
dat		
moet		
dus		
voorkomen		
worden		
.		
Mocht		
het		
rapport		
geheim		
verklaard		
worden		
,		
dan		
zal		
zijn		B_PER_12
fractie		
niet		
deelnemen		
aan		
de		
beraadslagingen		
over		
dit		
geheime		
rapport		
.		
De		B_PER_7
heer		I_PER_7
Bosch	B-PER	I_PER_7
(		
PVV		
)		
wil		
voor		
de		
volledigheid		
en		
voor		
de		
notulen		
vastgelegd		
hebben		
dat		
zijn		B_PER_7
fractie		
de		
oproep		
van		
de		B_PER_37
heer		I_PER_37
Sungur	B-PER	I_PER_37
volledig		
steunt		
.		
Mevrouw		B_PER_31
Raaijmakers	B-PER	I_PER_31
(		
PvdA		
)		
is		
van		
mening		
dat		
conceptrapporten		
niet		
bedoeld		
zijn		
voor		
de		
openbaarheid		
.		
Onderzoekers		
moeten		
zich		
vrij		
kunnen		
voelen		
om		
een		
concept		
op		
papier		
te		
kunnen		
zetten		
en		
dat		
in		
beslotenheid		
te		
kunnen		
bespreken		
met		
de		
mensen		
die		
daarbij		
aanwezig		
zijn		
.		
Zij		B_PER_31
weet		
zelf		
als		
onderzoeker		
dat		
er		
nog		
veel		
kan		
veranderen		
tussen		
een		
conceptversie		
en		
een		
eindversie		
.		
Het		
is		
ook		
de		
bedoeling		
om		
dat		
concept		
in		
die		
setting		
met		
elkaar		
te		
kunnen		
bespreken		
.		
Als		
conceptrapporten		
openbaar		
gemaakt		
worden		
,		
wordt		
er		
een		
gevaarlijk		
precedent		
geschapen		
voor		
toekomstige		
onderzoeken		
.		
Onderzoekers		
zullen		
zich		
dan		
niet		
meer		
vrij		
voelen		
om		
een		
concept		
op		
papier		
te		
zetten		
.		
De		B_PER_17
heer		I_PER_17
Van	B-PER	I_PER_17
Heuven	I-PER	I_PER_17
(		
PvdD		
)		
merkt		
op		
dat		
zijn		B_PER_17
fractie		
het		
idee		
van		
de		B_PER_37
heer		I_PER_37
Sungur	B-PER	I_PER_37
steunt		
om		
het		
conceptrapport		
met		
weggelakte		
delen		
openbaar		
te		
maken		
.		
Raadsvergadering		
van		
15		
september		
2022		
4		
Mevrouw		B_PER_11
Deldjou	B-PER	I_PER_11
Fard	I-PER	I_PER_11
(		
GroenLinks		
)		
sluit		
zich		B_PER_11
aan		
bij		
de		
woorden		
van		
mevrouw		B_PER_31
Raaijmakers	B-PER	I_PER_31
.		
Is		
het		
openbaar		
maken		
van		
het		
conceptrapport		
juridisch		
mogelijk		
?		
Dat		
kon		
zij		B_PER_31
niet		
uit		
de		
brief		
opmaken		
.		
Mevrouw		B_PER_25
Nolten	B-PER	I_PER_25
(		
Bij1		
)		
steunt		
de		
oproep		
om		
het		
conceptrapport		
openbaar		
te		
maken		
,		
mits		
bepaalde		
delen		
daarvan		
zwart		
gelakt		
worden		
,		
om		
te		
voorkomen		
dat		
mensen		
die		
een		
klacht		
hebben		
ingediend		
of		
zich		
anderszins		
hebben		
uitgesproken		
,		
in		
een		
onveilige		
situatie		
zullen		
komen		
.		
Mevrouw		B_PER_20
Kendir	B-PER	I_PER_20
(		
Student		
&		
Starter		
)		
stelt		
dat		
volgens		
haar		
de		
onderliggende		
wens		
is		
dat		
er		
gesproken		
kan		
worden		
over		
de		
eventuele		
inhoudelijke		
verschillen		
tussen		
het		
conceptrapport		
en		
het		
eindrapport		
.		
Openbaarheid		
van		
het		
conceptrapport		
hoeft		
daarvoor		
niet		
per		
se		
het		
juiste		
middel		
te		
zijn		
.		
Zij		B_PER_20
vraagt		
de		
wethouder		
of		
er		
niet		
een		
alternatief		
mogelijk		
is		
waardoor		
toch		
tegemoet		
kan		
worden		
gekomen		
aan		
die		
wens		
,		
met		
inachtneming		
van		
hetgeen		
in		
de		
raadsbrief		
is		
gecommuniceerd		
.		
Mevrouw		B_PER_4
Al-Saqaff	B-PER	I_PER_4
(		
VVD		
)		
sluit		
zich		B_PER_4
aan		
bij		
de		
woorden		
van		
mevrouw		B_PER_31
Raaijmakers	B-PER	I_PER_31
.		
Ook		
haar		B_PER_4
fractie		
hecht		
veel		
belang		
aan		
de		
vertrouwelijkheid		
van		
hetgeen		
de		
onderzoekers		
inbrengen		
.		
Mevrouw		B_PER_16
Hessel	B-PER	I_PER_16
(		
Utrecht		
Solidair		
)		
sluit		
zich		B_PER_16
volledig		
aan		
bij		
de		B_PER_37
heer		I_PER_37
Sungur		I_PER_37
.		
Tussen		
het		
conceptrapport		
en		
het		
definitieve		
rapport		
horen		
niet		
zulke		
verschillen		
te		
zitten		
.		
De		
zaken		
die		
geheim		
moeten		
blijven		
,		
kunnen		
in		
beide		
versies		
zwart		
gemaakt		
worden		
.		
De		B_PER_1
voorzitter		I_PER_1
stelt		
vast		
dat		
er		
nu		
toch		
al		
enkele		
inhoudelijke		
zaken		
genoemd		
worden		
,		
die		
verder		
gaan		
dan		
procesopmerkingen		
.		
Zij		B_PER_1
wijst		
de		
raadsleden		
erop		
dat		
de		
geheimhouding		
,		
zolang		
die		
niet		
wordt		
weggestemd		
,		
er		
nog		
steeds		
is		
.		
De		B_PER_22
heer		I_PER_22
Koning	B-PER	I_PER_22
(		
D66		
)		
merkt		
op		
dat		
zijn		B_PER_22
fractie		
het		
verzoek		
om		
geheimhouding		
steunt		
,		
langs		
de		
lijn		
van		
de		
argumenten		
die		
mevrouw		B_PER_31
Raaijmakers	B-PER	I_PER_31
heeft		
genoemd		
en		
de		
argumenten		
die		
in		
de		
brief		
van		
gisteren		
zijn		
genoemd		
.		
Mevrouw		B_PER_8
Chirino	B-PER	I_PER_8
(		
ChristenUnie		
)		
betreurt		
het		
dat		
er		
überhaupt		
een		
conceptrapport		
besproken		
gaat		
worden		
terwijl		
het		
rapport		
al		
is		
besproken		
.		
Zij		B_PER_8
acht		
het		
niet		
noodzakelijk		
dat		
het		
rapport		
in		
openbarheid		
besproken		
wordt		
.		
De		B_PER_60
heer		I_PER_60
Versteeg	B-PER	I_PER_60
(		
CDA		
)		
kan		
de		
geheimhouding		
steunen		
.		
Ook		
hij		B_PER_60
sluit		
zich		
aan		
bij		
mevrouw		B_PER_31
Raaijmakers	B-PER	I_PER_31
.		
Wel		
moeten		
de		
verschillen		
tussen		
het		
conceptrapport		
en		
het		
definitieve		
rapport		
zo		
veel		
mogelijk		
duidelijk		
zijn		
.		
Mevrouw		B_PER_52
Streefland	B-PER	I_PER_52
(		
wethouder		B_PER_52
)		
merkt		
op		
dat		
de		
vraag		
van		
mevrouw		B_PER_11
Deldjou	B-PER	I_PER_11
Fard	I-PER	I_PER_11
-		
is		
het		
openbaar		
maken		
van		
het		
conceptrapport		
juridisch		
mogelijk		
?		
-		
haar		B_PER_52
nog		
niet		
helemaal		
duidelijk		
is		
.		
Zij		B_PER_52
kan		
zich		B_PER_52
voorstellen		
dat		
zij		B_PER_52
daar		
later		
op		
terugkomt		
.		
Ook		
het		
gevraagde		
door		
mevrouw		B_PER_20
Kendir	B-PER	I_PER_20
is		
haar		B_PER_20
nog		
niet		
helemaal		
duidelijk		
.		
Op		
dit		
moment		
ligt		
alleen		
voor		
:		
geheimhouding		
of		
niet		
.		
Mevrouw		B_PER_20
Kendir	B-PER	I_PER-20
(		
Student		
&		
Starter		
)		
verduidelijkt		
dat		
haar		B_PER_20
fractie		
vooral		
benieuwd		
is		
naar		
alternatieve		
mogelijkheden		
,		
bijvoorbeeld		
dat		
de		
raad		
in		
gesprek		
gaat		
met		
de		
onderzoekers		
.		
Zij		B_PER_20
heeft		
het		
gevoel		
dat		
er		
nu		
heel		
zwart-wit		
naar		
het		
rapport		
gekeken		
wordt		
,		
terwijl		
er		
volgens		
haar		
een		
diepere		
wens		
ligt		
.		
Raadsvergadering		
van		
15		
september		
2022		
5		
Mevrouw		B_PER_52
Streefland	B-PER	I_PER_52
(		
wethouder		B_PER_52
)		
antwoordt		
dat		
dit		
aan		
de		
raad		
zelf		
is		
.		
Op		
dit		
moment		
ligt		
alleen		
de		
vraag		
voor		
of		
er		
geheimhouding		
moet		
worden		
opgelegd		
.		
Daar		
moet		
de		
raad		
een		
uitspraak		
over		
doen		
.		
De		B_PER_18
heer		I_PER_18
Te		I_PER_18
Hoonte	B-PER	I_PER_18
(	I-PER	
VVD		
)		
heeft		
een		
opmerking		
over		
de		
voorgestelde		
geheimhouding		
van		
een		
bijlage		
bij		
het		
voorstel		
inzake		
deelgebied		
6		
Merwedekanaalzone		
.		
De		
raad		
heeft		
nu		
een		
openbare		
duiding		
van		
een		
geheim		
stuk		
gekregen		
,		
maar		
daar		
moest		
de		
raad		
weer		
om		
vragen		
.		
Hij		B_PER_18
wil		
nog		
eens		
meegeven		
:		
alleen		
geheim		
wat		
strikt		
geheim		
is		
,		
en		
geen		
informatie		
in		
geheime		
stukken		
die		
ook		
al		
openbaar		
bekend		
is		
,		
zodat		
raadsleden		
niet		
ineens		
te		
horen		
krijgen		
dat		
zij		
aan		
geheimhouding		
gebonden		
zijn		
.		
Hij		B_PER_18
verzoekt		
het		
college		
om		
dit		
nog		
eens		
nadrukkelijk		
aan		
de		
staf		
mee		
te		
geven		
.		
De		B_PER_1
voorzitter		I_PER_1
stelt		
dat		
deze		
boodschap		
luid		
en		
duidelijk		
is		
overgekomen		
.		
Zij		B_PER_1
stelt		
voor		
om		
digitaal		
te		
stemmen		
over		
haar		B_PER_1
voorstel		
om		
de		
door		
het		
college		
opgelegde		
geheimhouding		
van		
de		
documenten		
zoals		
vermeld		
in		
de		
bij		
de		
agenda		
gevoegde		
bijlage		
,		
inclusief		
de		
aanpassing		
,		
te		
bekrachtigen		
.		
Hierna		
wordt		
digitaal		
gestemd		
over		
het		
voorstel		
van		
de		B_PER_1
voorzitter		I_PER_1
,		
waarna		
de		B_PER_1
voorzitter		I_PER_1
constateert		
dat		
het		
is		
aangenomen		
met		
34		
tegen		
8		
stemmen		
.		
5.		
Notulen		
raadsvergadering		
16		
juni		
en		
7		
juli		
2022		
.		
Deze		
notulen		
worden		
zonder		
stemming		
ongewijzigd		
vastgesteld		
.		
De		B_PER_12
heer		I_PER_12
Dijkstra	B-PER	I_PER_12
(		
EenUtrecht		
)		
merkt		
op		
dat		
hij		B_PER_12
in		
de		
raadsvergadering		
van		
16		
juni		
per		
abuis		
tegen		
amendement		
60		
(		
Parkeren		
voor		
essentiële		
beroepen		
)		
heeft		
gestemd		
.		
Dat		
had		
een		
voorstem		
moeten		
zijn		
.		
Graag		
ziet		
hij		B_PER_12
dat		
dit		
wordt		
aangepast		
.		
De		B_PER_1
voorzitter		I_PER_1
merkt		
op		
dat		
het		
herroepen		
van		
de		
stemuitslag		
niet		
mogelijk		
is		
,		
maar		
dat		
in		
de		
notulen		
zal		
worden		
opgenomen		
dat		
de		B_PER_12
heer		I_PER_12
Dijkstra		I_PER_12
geacht		
wenst		
te		
worden		
voor		
amendement		
60		
te		
hebben		
gestemd		
.		
6.		
Notulen		
vragenuur		
16		
en		
30		
juni		
,		
25		
augustus		
en		
1		
september		
2022		
.		
Deze		
notulen		
worden		
zonder		
stemming		
ongewijzigd		
vastgesteld		
.		
7.		
Notulen		
Commissies		
Voorjaarsnota		
21		
,		
22		
en		
23		
juni		
2022		
.		
Deze		
notulen		
worden		
zonder		
stemming		
ongewijzigd		
vastgesteld		
.		
9.		
Raadsvoorstel		
Beëindigen		
commissielidmaatschap		
.		
De		B_PER_1
voorzitter		I_PER_1
merkt		
op		
dat		
de		
SP		
als		
fractie		
niet		
langer		
meer		
is		
vertegenwoordigd		
in		
de		
raad		
.		
Daarmee		
eindigt		
ook		
het		
lidmaatschap		
van		
de		
commissieleden		
die		
eerder		
namens		
de		
SP		
zijn		
benoemd		
.		
Op		
grond		
van		
artikel		
7		
,		
lid		
3		
van		
de		
Verordening		
op		
de		
raadscommissie		
is		
voor		
beëindiging		
van		
het		
lidmaatschap		
een		
besluit		
van		
de		
raad		
nodig		
.		
De		
raad		
wordt		
derhalve		
voorgesteld		
te		
besluiten		
tot		
beëindiging		
van		
het		
commissielidmaatschap		
van		
Ruurt	B-PER	B_PER_61
Wiegant	I-PER	I_PER_61
en		
Dane	B-PER	B_PER_62
Harris	I-PER	I_PER_62
.		
Raadsvergadering		
van		
15		
september		
2022		
6		
Zonder		
stemming		
wordt		
overeenkomstig		
het		
raadsvoorstel		
besloten		
.		
De		B_PER_1
voorzitter		I_PER_1
dankt		
de		
heren		
Wiegant	B-PER	B_PER_61
en		
Harris	B-PER	B_PER_62
voor		
hun		
inzet		
voor		
de		
SP		
en		
daarmee		
voor		
de		
raad		
.		
11		
.		
Raadsvoorstel		
Voorbereidingskrediet		
Gebiedsontwikkeling		
Galgenwaard		
en		
omgeving		
.		
De		B_PER_12
heer		I_PER_12
Dijkstra	B-PER	I_PER_12
(		
EenUtrecht		
)		
stemt		
in		
met		
het		
raadsvoorstel		
,		
mits		
de		
wethouder		
kan		
toezeggen		
dat		
de		
bewoners		
en		
direct		
omwonenden		
gelijkwaardig		
worden		
betrokken		
,		
net		
als		
de		
private		
marktpartijen		
,		
en		
dat		
er		
daarnaast		
ook		
wordt		
gekeken		
naar		
een		
kleinschaliger		
plan		
-		
500		
woningen		
en		
40.000		
bvo		
.		
De		B_PER_1
voorzitter		I_PER_1
merkt		
op		
dat		
dit		
eigenlijk		
geen		
stemverklaring		
is		
,		
maar		
meer		
een		
verzoek		
.		
Zonder		
stemming		
wordt		
overeenkomstig		
het		
raadsvoorstel		
besloten		
,		
met		
inachtneming		
van		
de		
afgelegde		
stemverklaring		
.		
12		
.		
Raadsvoorstel		
Herziening		
legesverordening		
m.b.t.		
evenementen		
en		
bijschrijving		
leidinggevenden		
in		
horeca		
.		
Mevrouw		B_PER_33
Snippe	B-PER	I_PER_33
(		
PvdD		
)		
merkt		
op		
dat		
haar		B_PER_33
fractie		
beslispunt		
1A		
kan		
steunen		
,		
maar		
niet		
kan		
meegaan		
met		
het		
halveren		
van		
het		
tarief		
voor		
het		
in		
behandeling		
nemen		
van		
een		
evenementenvergunningaanvraag		
.		
Om		
die		
reden		
stemt		
haar		B_PER_33
fractie		
tegen		
het		
raadsvoorstel		
.		
Mevrouw		B_PER_6
Bode	B-PER	I_PER_6
(		
Volt		
)		
sluit		
zich		
aan		
bij		
de		
stemverklaring		
van		
de		
Partij		
voor		
de		
Dieren		
.		
Zonder		
stemming		
wordt		
overeenkomstig		
het		
raadsvoorstel		
besloten		
,		
met		
inachtneming		
van		
de		
afgelegde		
stemverklaringen		
.		
13		
.		
Rekenkameronderzoek		
:		
Onbegonnen		
werk		
-		
Een		
onderzoek		
naar		
de		
verduurzaming		
van		
gemeentelijk		
vastgoed		
in		
Utrecht		
.		
De		B_PER_63
heer		I_PER_63
Keulen	B-PER	I_PER_63
(		
lid		
Rekenkamer		
)		
merkt		
op		
dat		
de		
titel		
van		
het		
onderzoek		
slaat		
op		
twee		
zaken		
.		
Allereerst		
is		
er		
het		
feit		
dat		
er		
ondanks		
de		
versnellingsopgave		
nauwelijks		
panden		
waren		
aangepakt		
.		
Toen		
het		
rapport		
uitkwam		
,		
in		
februari		
van		
dit		
jaar		
,		
waren		
er		
twee		
gebouwen		
verduurzaamd		
,		
terwijl		
de		
doelstelling		
was		
om		
in		
2023		
57		
panden		
aangepakt		
te		
hebben		
.		
Daarnaast		
concludeerde		
de		
Rekenkamer		
dat		
met		
deze		
opgave		
doelen		
werden		
nagestreefd		
die		
financieel		
en		
inhoudelijk		
onvoldoende		
onderbouwd		
waren		
en		
daarmee		
niet		
realistisch		
zijn		
.		
De		
doelstelling		
om		
het		
gemeentelijk		
kernvastgoed		
in		
2040		
te		
verduurzamen		
is		
op		
de		
huidige		
manier		
haalbaar		
noch		
betaalbaar		
.		
Ook		
stelde		
de		
Rekenkamer		
vast		
dat		
de		
gemeente		
geen		
grip		
heeft		
op		
deze		
opgave		
.		
Mede		
hierdoor		
kon		
de		
organisatie		
geen		
inzicht		
geven		
in		
de		
voortgang		
en		
de		
besteding		
van		
de		
middelen		
.		
Dat		
leidt		
er		
in		
de		
ogen		
van		
de		
Rekenkamer		
toe		
dat		
de		
gemeenteraad		
over		
de		
voortgang		
niet		
inzichtelijk		
wordt		
geïnformeerd		
.		
De		
gemeente		
heeft		
zichzelf		
met		
een		
onmogelijke		
opgave		
opgezadeld		
.		
Ook		
in		
die		
zin		
is		
dit		
dus		
onbegonnen		
werk		
.		
Raadsvergadering		
van		
15		
september		
2022		
7		
In		
het		
coalitieakkoord		
staat		
dat		
men		
,		
gelet		
op		
de		
uitkomst		
van		
de		
Rekenkamer		
,		
een		
agenda		
kan		
verwachten		
voor		
een		
nieuwe		
en		
ambitieuze		
verduurzamingsaanpak		
aan		
het		
begin		
van		
2023		
.		
Tegelijkertijd		
ligt		
er		
ook		
een		
raadsvoorstel		
voor		
waarin		
de		
Rekenkamer		
heeft		
geprobeerd		
haar		
conclusies		
om		
te		
zetten		
in		
aanbevelingen		
waarvan		
ze		
hoopt		
dat		
die		
door		
de		
raad		
worden		
overgenomen		
.		
Het		
college		
heeft		
alle		
aanbevelingen		
van		
de		
Rekenkamer		
onderschreven		
en		
overgenomen		
.		
De		B_PER_18
heer		I_PER_18
Te	B-PER	I_PER_18
Hoonte	I-PER	I_PER_18
(		
VVD		
)		
merkt		
op		
dat		
zijn		B_PER_18
fractie		
de		
Rekenkamer		
dankt		
voor		
haar		
werk		
,		
dat		
ze		
het		
plan		
van		
aanpak		
van		
het		
college		
afwacht		
en		
dat		
ze		
het		
raadvoorstel		
zal		
steunen		
.		
Ondertussen		
is		
er		
van		
alles		
aan		
de		
hand		
op		
het		
gebied		
van		
energie		
.		
Vele		
organisaties		
hebben		
behoefte		
aan		
iets		
meer		
.		
Daarom		
dient		
zijn		B_PER_18
fractie		
motie		
229		
in		
(		
Versneld		
verduurzamen		
)		
,		
waarvan		
het		
college		
wordt		
opgedragen		
:		
1		
.		
Actief		
alle		
verduurzamingen		
op		
te		
pakken		
binnen		
de		
gemeentelijke		
vastgoedportefeuille		
conform		
de		
maatregelenlijsten		
van		
de		
energiebesparingsplicht		
die		
zich		
binnen		
5		
jaar		
terugverdienen		
voor		
zowel		
de		
gebouweigenaar		
als		
de		
gebruikers		
die		
onderdeel		
zijn		
van		
de		
gemeentelijke		
organisatie		
(		
Wettelijke		
plicht		
)		
2		
.		
Actief		
alle		
verduurzamingen		
op		
te		
pakken		
binnen		
de		
gemeentelijke		
vastgoedportefeuille		
die		
conform		
de		
maatregelenlijsten		
van		
de		
energieprestatieplicht		
die		
zich		
binnen		
5		
jaar		
terugverdienen		
voor		
huurders		
binnen		
die		
bijdragen		
aan		
de		
beleidsdoelstellingen		
van		
de		
gemeente		
en		
dit		
te		
verwerken		
in		
de		
kostprijsdekkende		
huur		
		
3.		
Actief		
mee		
te		
werken		
aan		
verduurzamingsmaatregelen		
die		
huurders		
willen		
doen		
(		
binnen		
redelijkheid		
)		
en		
waarvoor		
toestemming		
van		
de		
gemeente		
als		
verhuurder		
noodzakelijk		
is		
		
4.		
Actief		
mee		
te		
werken		
aan		
voorstellen		
van		
huurders		
voor		
decentrale		
(		
gebouwgebonden		
)		
energieopwekking		
(		
zoals		
zonnepanelen		
en		
zonneboilers		
)		
die		
binnen		
korte		
tijd		
realiseerbaar		
zijn		
en		
de		
energierekening		
direct		
verlagen		
5		
.		
Een		
aanspreekpunt/loket		
te		
maken		
binnen		
de		
gemeente		
waar		
huurders		
en		
gebruikers		
hun		
ideeën		
voor		
verduurzaming		
en		
lokale		
energieopwekking		
kunnen		
voorleggen		
en		
toetsen		
.		
En		
de		
huurders		
en		
gebruikers		
hierover		
te		
informeren		
.		
De		B_PER_17
heer		I_PER_17
Van	B-PER	I_PER_17
Heuven	I-PER	I_PER_17
(		
PvdD		
)		
merkt		
op		
dat		
de		
Partij		
voor		
de		
Dieren		
een		
voorstander		
is		
van		
alle		
beetjes		
helpen		
.		
Maar		
hoe		
verhoudt		
deze		
motie		
zich		
tot		
het		
energieneutraal		
maken		
van		
alle		
gemeentelijke		
panden		
?		
Kan		
dit		
geïnterpreteerd		
worden		
als		
:		
we		
doen		
wat		
nu		
kan		
binnen		
vijf		
jaar		
en		
dan		
stoppen		
we		
?		
Of		
is		
het		
gewoon		
een		
eerste		
stapje		
op		
weg		
naar		
de		
volledige		
verduurzaming		
van		
al		
het		
vastgoed		
?		
De		B_PER_18
heer		I_PER_18
Te	B-PER	I_PER_18
Hoonte	I-PER	I_PER_18
(		
VVD		
)		
antwoordt		
dat		
hij		B_PER_18
het		
liefst		
zou		
zien		
dat		
die		
twee		
zaken		
gelijk		
zouden		
oplopen		
.		
Dan		
doe		
je		
het		
wanneer		
het		
kan		
.		
Alleen		
is		
er		
ook		
een		
wettelijke		
plicht		
voor		
bepaalde		
maatregelen		
.		
Sommige		
van		
die		
maatregelen		
worden		
nu		
nog		
niet		
genomen		
,		
zeker		
niet		
in		
de		
gevallen		
waarin		
de		
gemeente		
ook		
de		
gebruiker		
is		
van		
het		
pand		
.		
Hij		
denkt		
dat		
het		
zou		
passen		
als		
de		
gemeente		
die		
maatregelen		
in		
ieder		
geval		
neemt		
.		
Verder		
denkt		
hij		B_PER_18
dat		
op		
dit		
moment		
veel		
organisaties		
echt		
geholpen		
zouden		
zijn		
als		
zij		
hun		
energieverbruik		
met		
20%		
of		
30		
%		
kunnen		
terugbrengen		
,		
zonder		
dat		
het		
gehele		
pand		
fossielvrij		
wordt		
gemaakt		
.		
Misschien		
kan		
men		
die		
twee		
zaken		
samen		
laten		
oplopen		
.		
De		B_PER_10
heer		I_PER_10
Dekkers	B-PER	I_PER_10
(		
GroenLinks		
)		
merkt		
op		
dat		
GroenLinks		
heel		
sympathiek		
staat		
tegenover		
het		
idee		
dat		
de		
gemeente		
zich		
houdt		
aan		
de		
regels		
die		
ze		
ook		
aan		
anderen		
stelt		
.		
Misschien		
moet		
de		
gemeente		
daar		
zelfs		
strenger		
in		
zijn		
.		
Maar		
het		
probleem		
is		
dat		
er		
ambities		
worden		
gestapeld		
en		
dat		
de		
organisatie		
dat		
niet		
aankan		
.		
Is		
de		
VVD		
het		
niet		
met		
GroenLinks		
eens		
dat		
het		
slim		
is		
om		
dit		
onderwerp		
Raadsvergadering		
van		
15		
september		
2022		
8		
volgend		
jaar		
te		
bespreken		
,		
als		
er		
uitgebreid		
gesproken		
wordt		
over		
de		
wijze		
waarop		
de		
problematiek		
verder		
zal		
worden		
aangepakt		
?		
De		B_PER_18
heer		I_PER_18
Te	B-PER	I_PER_18
Hoonte	I-PER	I_PER_18
(		
VVD		
)		
antwoordt		
dat		
als		
dit		
onderwerp		
volgend		
jaar		
besproken		
wordt		
,		
er		
dit		
jaar		
niemand		
zal		
worden		
geholpen		
om		
een		
lagere		
energierekening		
te		
krijgen		
.		
Het		
gevolg		
daarvan		
is		
dat		
veel		
organisaties		
-		
voetbalclubs		
,		
maatschappelijke		
organisaties		
en		
andere		
organisaties		
waar		
ook		
GroenLinks		
zo		
aan		
hecht		
-		
zullen		
aankloppen		
bij		
de		
gemeente		
voor		
steun		
op		
de		
lopende		
rekening		
.		
Hij		
geeft		
het		
geld		
dan		
liever		
uit		
aan		
verduurzamingsmaatregelen		
,		
zodat		
die		
organisaties		
ook		
echt		
minder		
energie		
gaan		
verbruiken		
,		
dan		
aan		
het		
weer		
uitstellen		
van		
de		
ambities		
.		
Overigens		
zijn		
een		
aantal		
van		
die		
ambities		
gewoon		
wettelijk		
verplicht		
.		
De		B_PER_10
heer		I_PER_10
Dekkers	B-PER	I_PER_10
(		
GroenLinks		
)		
snapt		
heel		
goed		
dat		
men		
niet		
stil		
moet		
blijven		
zitten		
zolang		
niet		
alles		
is		
uitgewerkt		
.		
Maar		
is		
het		
niet		
slim		
om		
het		
college		
te		
vragen		
om		
in		
het		
plan		
van		
aanpak		
,		
dat		
de		
raad		
over		
zes		
weken		
zal		
ontvangen		
,		
te		
verwerken		
wat		
in		
deze		
periode		
al		
kan		
gebeuren		
?		
De		B_PER_18
heer		I_PER_18
Te	B-PER	I_PER_18
Hoonte	I-PER	I_PER_18
(		
VVD		
)		
vindt		
dat		
de		
wethouder		
moet		
duiden		
of		
hij		
dat		
in		
de		
komende		
zes		
weken		
nog		
in		
het		
plan		
van		
aanpak		
kan		
verwerken		
.		
De		
raad		
zou		
de		
wethouder		
een		
duidelijke		
motie		
kunnen		
meegeven		
,		
waarin		
wordt		
gesteld		
dat		
de		
wethouder		
de		
genoemde		
punten		
in		
het		
plan		
van		
aanpak		
zal		
moeten		
verwerken		
.		
Hij		B_PER_18
herhaalt		
dat		
het		
hem		B_PER_18
erom		
gaat		
dat		
organisaties		
,		
scholen		
e.d		
.		
die		
bij		
de		
gemeente		
huren		
,		
kunnen		
aankloppen		
bij		
de		
gemeente		
als		
zij		
bijvoorbeeld		
TL-verlichting		
willen		
vervangen		
door		
LED-verlichting		
,		
omdat		
zij		
daarmee		
hun		
energiekosten		
kunnen		
verlagen		
.		
Kan		
het		
georganiseerd		
worden		
dat		
de		
gemeente		
in		
zulke		
gevallen		
zegt		
dat		
ze		
zal		
bekijken		
of		
dat		
geregeld		
kan		
worden		
?		
Op		
dit		
moment		
krijgen		
zij		
te		
horen		
:		
wacht		
u		
even		
af		
,		
want		
over		
een		
aantal		
jaren		
gaan		
we		
het		
hele		
gebouw		
verbouwen		
en		
dan		
gaan		
we		
dergelijke		
maatregelen		
doorvoeren		
.		
Daar		
zijn		
die		
scholen		
en		
organisaties		
nu		
niet		
mee		
geholpen		
.		
De		B_PER_17
heer		I_PER_17
Van	B-PER	I_PER_17
Heuven	I-PER	I_PER_17
(		
PvdD		
)		
stelt		
dat		
het		
klimaat		
oncontroleerbaar		
opwarmt		
.		
De		
gemeente		
moet		
dan		
het		
goede		
voorbeeld		
geven		
bij		
het		
tegengaan		
van		
een		
klimaatcrisis		
.		
Toch		
faalt		
Utrecht		
jammerlijk		
bij		
het		
verduurzamen		
van		
de		
eigen		
gebouwen		
,		
zo		
oordeelt		
de		
Rekenkamer		
.		
In		
de		
commissie		
zei		
de		
wethouder		
dat		
hij		
wel		
wil		
verduurzamen		
,		
maar		
dat		
het		
verduurzamen		
van		
het		
eigen		
vastgoed		
ingewikkeld		
is		
en		
geld		
kost		
.		
De		
wethouder		
zei		
in		
de		
commissie		
ook		
dat		
er		
begin		
2023		
een		
plan		
komt		
,		
waarin		
hij		
ook		
zal		
terugkomen		
op		
de		
vraag		
of		
alles		
in		
2040		
wel		
energieneutraal		
kan		
zijn		
.		
Daarmee		
lijkt		
hij		
dus		
doelstellingen		
terzijde		
te		
schuiven		
.		
De		
PvdD		
vindt		
dat		
onacceptabel		
.		
De		
PvdD		
wil		
aan		
het		
genoemde		
plan		
wel		
enige		
richting		
geven		
.		
Wat		
de		
PvdD		
betreft		
is		
gemeentelijk		
vastgoed		
wél		
energieneutraal		
in		
2040		
,		
liefst		
sneller		
.		
Dat		
kost		
geld		
en		
dat		
is		
ingewikkeld		
,		
maar		
als		
er		
tijdens		
de		
coronacrisis		
financiële		
spelregels		
aangepast		
worden		
,		
zoals		
aanpassing		
van		
het		
weerstandsvermogen		
,		
dan		
moet		
dat		
ook		
kunnen		
als		
het		
gaat		
om		
de		
klimaatcrisis		
.		
Voordeel		
daarvan		
is		
dat		
door		
het		
energieneutraal		
maken		
tegelijk		
bespaard		
wordt		
op		
de		
steeds		
hoger		
wordende		
energiekosten		
van		
de		
gemeentelijke		
gebouwen		
.		
Daarom		
dient		
hij		
motie		
230		
in		
(		
Verduurzaam		
gemeentelijk		
vastgoed		
)		
,		
samen		
met		
Volt		
,		
EenUtrecht		
en		
BIJ1		
,		
waarin		
het		
college		
wordt		
opgeroepen		
om		
koersvast		
te		
blijven		
en		
in		
het		
in		
2023		
verschijnende		
plan		
in		
te		
zetten		
op		
energieneutraal		
en		
dus		
fossielvrij		
gemeentelijk		
vastgoed		
,		
uiterlijk		
in		
2040		
,		
zo		
mogelijk		
eerder		
.		
Mevrouw		B_PER_3
Assen	B-PER	I_PER_3
(		
PvdA		
)		
vindt		
dat		
de		B_PER_17
heer		I_PER_17
Van	B-PER	I_PER_17
Heuven	I-PER	I_PER_17
toch		
een		
beetje		
selectief		
shopt		
in		
het		
rapport		
van		
de		
Rekenkamer		
.		
Die		
geeft		
immers		
aan		
dat		
bepaalde		
doelen		
niet		
haalbaar		
zijn		
.		
Een		
reflectie		
daarop		
zou		
passend		
zijn		
.		
Raadsvergadering		
van		
15		
september		
2022		
9		
De		B_PER_17
heer		I_PER_17
Van	B-PER	I_PER_17
Heuven	I-PER	I_PER_17
(		
PvdD		
)		
stelt		
dat		
men		
voor		
de		
grote		
opgave		
staat		
om		
de		
klimaatcrisis		
te		
bestrijden		
.		
De		
gemeente		
heeft		
gemeentelijk		
vastgoed		
dat		
te		
verduurzamen		
is		
.		
Ze		
kan		
daarin		
dus		
een		
rol		
spelen		
.		
Dat		
ligt		
binnen		
de		
invloedssfeer		
van		
de		
raad		
.		
Als		
er		
technische		
redenen		
zijn		
op		
grond		
waarvan		
een		
pand		
niet		
energieneutraal		
gemaakt		
kan		
worden		
,		
dan		
zou		
daarin		
geïnvesteerd		
moeten		
worden		
om		
dat		
pand		
wél		
energieneutraal		
te		
maken		
.		
Mevrouw		B_PER_3
Assen	B-PER	I_PER_3
(		
PvdA		
)		
denkt		
dat		
het		
lonender		
is		
om		
meer		
panden		
sneller		
bijna		
energieneutraal		
te		
maken		
,		
dan		
te		
focussen		
op		
het		
helemaal		
energieneutraal		
maken		
van		
alle		
panden		
.		
De		B_PER_17
heer		I_PER_17
Van	B-PER	I_PER_17
Heuven	I-PER	I_PER_17
(		
PvdD		
)		
stelt		
dat		
het		
zaak		
is		
om		
zo		
snel		
mogelijk		
van		
alle		
fossiele		
brandstoffen		
af		
te		
komen		
.		
Waarom		
zou		
men		
dan		
op		
een		
bepaald		
punt		
stoppen		
?		
Het		
lijkt		
hem		B_PER_17
geen		
goed		
idee		
dat		
er		
in		
2040		
in		
een		
aantal		
gebouwen		
nog		
5%		
aardgas		
nodig		
is		
omdat		
de		
gemeente		
niet		
goed		
geïnvesteerd		
heeft		
.		
De		B_PER_40
heer		I_PER_40
Van	B-PER	I_PER_40
Vliet	I-PER	I_PER_40
(		
D66		
)		
dankt		
de		
Rekenkamer		
voor		
het		
rapport		
.		
Zijn		B_PER_40
fractie		
onderschrijft		
alle		
aanbevelingen		
.		
Ze		
heeft		
nog		
overwogen		
een		
amendement		
in		
te		
dienen		
om		
voor		
de		
komende		
winter		
stappen		
te		
zetten		
om		
Utrechtse		
vastgoedpanden		
op		
een		
lagere		
temperatuur		
in		
te		
stellen		
en		
isolatie		
aan		
te		
brengen		
.		
Dit		
blijkt		
echter		
lastig		
,		
omdat		
de		
gemeente		
de		
huurders		
niet		
kan		
dwingen		
deze		
stappen		
te		
nemen		
.		
Hij		B_PER_40
vraagt		
zowel		
de		
Rekenkamer		
als		
het		
college		
of		
de		
analyse		
klopt		
dat		
men		
deze		
stap		
niet		
kan		
nemen		
.		
Kan		
de		
wethouder		
toezeggen		
dat		
dit		
wel		
gerealiseerd		
wordt		
in		
de		
panden		
waar		
dit		
wel		
kan		
?		
Tot		
slot		
de		
volgende		
vraag		
aan		
de		
Rekenkamer		
en		
de		
wethouder		
:		
klopt		
het		
dat		
verduurzaming		
nu		
gekoppeld		
wordt		
aan		
de		
normale		
onderhoudscyclus		
van		
vastgoed		
en		
dat		
dit		
mede		
de		
oorzaak		
is		
van		
het		
niet		
halen		
van		
de		
duurzaamheidsdoelstellingen		
?		
Zou		
het		
dan		
kunnen		
helpen		
om		
deze		
cyclus		
te		
doorbreken		
door		
de		
landelijke		
wetgeving		
te		
volgen		
,		
die		
zegt		
dat		
elke		
verduurzaming		
die		
zich		
binnen		
vijf		
jaar		
terugverdient		
,		
gerealiseerd		
moet		
worden		
?		
Mevrouw		B_PER_44
Zwinkels	B-PER	I_PER_44
(		
CDA		
)		
merkt		
op		
dat		
haar		B_PER_44
fractie		
in		
de		
commissie		
heeft		
begrepen		
dat		
de		
basis		
niet		
op		
orde		
is		
.		
Dat		
is		
kwalijk		
,		
zeker		
als		
de		
gemeente		
het		
goede		
voorbeeld		
wil		
geven		
.		
Haar		B_PER_44
fractie		
zal		
de		
motie		
van		
de		
VVD		
steunen		
en		
wacht		
het		
antwoord		
van		
het		
college		
op		
de		
motie		
van		
de		
PvdD		
af		
.		
Mevrouw		B_PER_3
Assen	B-PER	I_PER_3
(		
PvdA		
)		
merkt		
op		
dat		
de		
conclusies		
in		
het		
Rekenkamerrapport		
er		
niet		
om		
liegen		
.		
Het		
is		
goed		
dat		
de		
wethouder		
alle		
aanbevelingen		
overneemt		
,		
want		
het		
is		
hard		
nodig		
om		
meer		
voortgang		
te		
boeken		
met		
de		
verduurzamingsopgave		
.		
Het		
is		
goed		
dat		
de		
raad		
tijdig		
wordt		
geïnformeerd		
als		
de		
gemeente		
op		
dit		
punt		
achterblijft		
,		
want		
dat		
is		
cruciaal		
om		
te		
kunnen		
sturen		
.		
Daarom		
vraagt		
ze		B_PER_3
de		
wethouder		
toe		
te		
zeggen		
om		
de		
raad		
jaarlijks		
te		
informeren		
over		
de		
stand		
van		
zaken		
rond		
de		
uitvoering		
van		
alle		
aanbevelingen		
van		
de		
Rekenkamer		
,		
en		
daarmee		
te		
beginnen		
,		
indien		
haalbaar		
,		
in		
Q2		
2023		
.		
Het		
is		
belangrijk		
dat		
er		
ambitieuze		
én		
haalbare		
doelen		
gesteld		
worden		
.		
Dat		
zou		
kunnen		
betekenen		
dat		
het		
in		
bepaalde		
situaties		
raadzaam		
kan		
zijn		
om		
eerst		
te		
kiezen		
voor		
bijna		
energieneutraal		
,		
voordat		
wordt		
overgegaan		
tot		
volledig		
energieneutraal		
.		
Maar		
de		
raad		
moet		
daar		
dan		
wel		
over		
geïnformeerd		
worden		
,		
zodat		
de		
raad		
daar		
zo		
nodig		
op		
kan		
sturen		
.		
Mevrouw		B_PER_6
Bode	B-PER	I_PER_6
(		
Volt		
)		
merkt		
op		
dat		
Volt		
vindt		
dat		
Utrecht		
een		
voorbeeld		
moet		
en		
kan		
zijn		
op		
het		
gebied		
van		
klimaat		
en		
energietransitie		
.		
Het		
Rekenkamerrapport		
toont		
helaas		
aan		
dat		
de		
gemeente		
er		
Raadsvergadering		
van		
15		
september		
2022		
10		
ook		
op		
het		
punt		
van		
de		
verduurzaming		
van		
het		
eigen		
vastgoed		
nog		
niet		
is		
.		
Daarom		
is		
Volt		
blij		
dat		
het		
college		
alle		
aanbevelingen		
overneemt		
.		
Ze		B_PER_6
benadrukt		
dat		
er		
tempo		
gemaakt		
moet		
worden		
,		
want		
de		
klimaatverandering		
wacht		
niet		
.		
Volt		
steunt		
daarom		
de		
beide		
ingediende		
moties		
.		
De		B_PER_10
heer		I_PER_10
Dekkers	B-PER	I_PER_10
(		
GroenLinks		
)		
stelt		
dat		
de		
gemeente		
behoorlijk		
grote		
ambities		
heeft		
,		
dat		
de		
onrendabele		
top		
het		
probleem		
is		
en		
dat		
de		
organisatie		
een		
en		
ander		
niet		
goed		
aankan		
.		
Daarom		
vindt		
zijn		B_PER_10
fractie		
het		
niet		
verstandig		
om		
er		
nu		
weer		
ambities		
bovenop		
te		
leggen		
.		
Het		
is		
verstandiger		
om		
te		
wachten		
op		
het		
plan		
van		
aanpak		
dat		
over		
zes		
weken		
verschijnt		
en		
het		
plan		
dat		
in		
het		
voorjaar		
zal		
volgen		
.		
Op		
basis		
daarvan		
kan		
dan		
bekeken		
worden		
wat		
precies		
aan		
ambities		
en		
organisatiekracht		
moet		
worden		
bijgesteld		
.		
De		B_PER_17
heer		I_PER_17
Van	B-PER	I_PER_17
Heuven	I-PER	I_PER_17
(		
PvdD		
)		
stelt		
vast		
dat		
er		
een		
dikke		
vette		
klimaatcrisis		
gaande		
is		
.		
De		
ambities		
moeten		
daarom		
niet		
worden		
bijgesteld		
,		
maar		
juist		
worden		
opgeschroefd		
.		
De		B_PER_10
heer		I_PER_10
Dekkers	B-PER	I_PER_10
(		
GroenLinks		
)		
vindt		
dat		
de		
ambities		
inderdaad		
hoog		
moeten		
zijn		
.		
De		
terugverdientijd		
zou		
bijvoorbeeld		
in		
plaats		
van		
vijf		
jaar		
ook		
zeven		
of		
tien		
jaar		
kunnen		
zijn		
,		
zoals		
ook		
in		
andere		
gemeenten		
het		
geval		
is		
.		
Maar		
zijn		B_PER_10
fractie		
vindt		
het		
wel		
heel		
belangrijk		
dat		
er		
niet		
een		
plan		
gemaakt		
wordt		
waarvan		
over		
een		
paar		
jaar		
weer		
moet		
worden		
vastgesteld		
dat		
het		
onhaalbaar		
is		
.		
De		
ambities		
moeten		
hoog		
,		
maar		
wel		
realistisch		
zijn		
.		
Het		
moet		
nu		
niet		
ingewikkelder		
gemaakt		
worden		
door		
er		
allerlei		
andere		
dingen		
in		
te		
fietsen		
.		
De		B_PER_17
heer		I_PER_17
Van	B-PER	I_PER_17
Heuven	I-PER	I_PER_17
(		
PvdD		
)		
stelt		
dat		
de		
gevolgen		
van		
de		
klimaatcrisis		
zichtbaar		
zijn		
,		
ook		
deze		
zomer		
weer		
.		
Dan		
moet		
er		
toch		
geen		
water		
bij		
de		
wijn		
gedaan		
worden		
?		
De		B_PER_10
heer		I_PER_10
Dekkers	B-PER	I_PER_10
(		
GroenLinks		
)		
antwoordt		
dat		
GroenLinks		
geen		
water		
bij		
de		
wijn		
wil		
doen		
.		
Ze		
wil		
dat		
er		
heel		
klare		
wijn		
gemaakt		
wordt		
.		
Maar		
de		
ambities		
die		
worden		
gesteld		
,		
moeten		
ook		
gerealiseerd		
kunnen		
worden		
.		
De		B_PER_17
heer		I_PER_17
Van	B-PER	I_PER_17
Heuven	I-PER	I_PER_17
(		
PvdD		
)		
stelt		
vast		
dat		
GroenLinks		
halfbakken		
wijn		
voorstelt		
.		
Daarmee		
wordt		
de		
energiecrisis		
niet		
bestreden		
,		
maar		
wordt		
in		
2040		
niet-energieneutraal		
vastgoed		
opgeleverd		
.		
Dat		
is		
blijkbaar		
de		
doelstelling		
van		
GroenLinks		
.		
De		B_PER_10
heer		I_PER_10
Dekkers	B-PER	I_PER_10
(		
GroenLinks		
)		
herhaalt		
dat		
GroenLinks		
een		
heel		
ambitieuze		
aanpak		
van		
de		
problematiek		
nastreeft		
.		
De		
gemeente		
moet		
op		
dit		
punt		
het		
voorbeeld		
geven		
.		
Maar		
GroenLinks		
wil		
ook		
dat		
het		
daarvoor		
benodigde		
geld		
georganiseerd		
wordt		
en		
dat		
de		
organisatie		
zo		
krachtig		
is		
dat		
ze		
de		
ambities		
kan		
waarmaken		
.		
GroenLinks		
wil		
daar		
nu		
niet		
op		
vooruitlopen		
met		
allerlei		
voorstellen		
.		
De		B_PER_37
heer		I_PER_37
Sungur	B-PER	I_PER_37
(		
DENK		
)		
vraagt		
de		B_PER_10
heer		I_PER_10
Dekkers	B-PER	I_PER_10
of		
het		
niet		
gewoon		
gaat		
om		
politieke		
keuzes		
.		
De		B_PER_10
heer		I_PER_10
Dekkers	B-PER	I_PER_10
(		
GroenLinks		
)		
beaamt		
dat		
.		
Maar		
het		
blijkt		
dat		
de		
dingen		
die		
de		
gemeente		
wilde		
doen		
niet		
haalbaar		
bleken		
,		
onder		
meer		
omdat		
de		
organisatie		
dat		
niet		
aankon		
.		
Er		
is		
tijd		
nodig		
om		
te		
zorgen		
dat		
de		
organisatie		
in		
staat		
is		
om		
de		
ambities		
waar		
te		
maken		
.		
Het		
Rekenkamerrapport		
heet		
niet		
voor		
niets		
Onbegonnen		
werk		
.		
Er		
valt		
inderdaad		
iets		
te		
repareren		
.		
Mevrouw		B_PER_8
Chirino	B-PER	I_PER_8
(		
ChristenUnie		
)		
merkt		
op		
dat		
er		
ongelofelijk		
veel		
werk		
te		
verzetten		
is		
ten		
behoeve		
van		
het		
verduurzamen		
van		
het		
vastgoed		
.		
Er		
ligt		
ook		
een		
opgave		
om		
de		
organisatie		
op		
de		
rit		
te		
Raadsvergadering		
van		
15		
september		
2022		
11		
krijgen		
.		
De		
wethouder		
heeft		
in		
de		
commissie		
aangegeven		
hier		
graag		
de		
tanden		
in		
te		
zetten		
.		
Daar		
zal		
haar		
fractie		
scherp		
op		
blijven		
.		
Haar		
oproep		
aan		
college		
en		
raad		
is		
om		
eerlijk		
en		
scherp		
te		
zijn		
bij		
het		
stellen		
en		
het		
waarmaken		
van		
de		
ambities		
.		
De		B_PER_53
heer		I_PER_53
De	B-PER	I_PER_53
Vries	I-PER	I_PER_53
(		
wethouder		
)		
begint		
met		
een		
reactie		
op		
motie		
229		
(		
Versneld		
verduurzamen		
)		
.		
Hij		B_PER_53
kan		
toezeggen		
dat		
het		
college		
het		
gevraagde		
in		
de		
eerste		
vier		
punten		
zal		
gaan		
doen		
.		
Hij		B_PER_53
vindt		
het		
belangrijk		
om		
ook		
te		
benoemen		
dat		
de		
gemeente		
het		
goede		
voorbeeld		
geeft		
bij		
het		
verduurzamen		
van		
haar		
vastgoed		
,		
juist		
ook		
gelet		
op		
de		
tijd		
die		
eraan		
komt		
.		
Er		
kan		
actief		
gestuurd		
worden		
op		
het		
installeren		
van		
LED-verlichting		
of		
het		
verlagen		
van		
de		
temperatuur		
.		
Daarover		
kan		
het		
gesprek		
met		
de		
huurders		
worden		
aangegaan		
.		
Bij		
de		
panden		
die		
de		
gemeente		
in		
bezit		
heeft		
,		
is		
dat		
makkelijker		
te		
bereiken		
.		
Huurders		
zullen		
actief		
worden		
meegenomen		
en		
geïnformeerd		
.		
Daarnaast		
wordt		
er		
nagedacht		
over		
hoe		
de		
hogere		
kosten		
eventueel		
gecompenseerd		
kunnen		
worden		
.		
Het		
gevraagde		
in		
het		
vijfde		
punt		
is		
meer		
organisatorisch		
van		
aard		
.		
Qua		
bemensing		
en		
ook		
financieel		
is		
dit		
een		
lastig		
punt		
.		
De		B_PER_18
heer		I_PER_18
Te	B-PER	I_PER_18
Hoonte	I-PER	I_PER_18
(		
VVD		
)		
deelt		
mee		
dat		
motie		
229		
kan		
worden		
ingetrokken		
na		
de		
toezegging		
van		
de		
wethouder		
.		
De		B_PER_53
heer		I_PER_53
De	B-PER	I_PER_53
Vries	I-PER	I_PER_53
(		
wethouder		
)		
stelt		
voor		
dat		
het		
plan		
van		
aanpak		
nog		
even		
wordt		
afgewacht		
.		
Hij		B_PER_53
hoopt		
dat		
het		
rapport		
vandaag		
vastgesteld		
kan		
worden		
.		
Na		
zes		
weken		
volgt		
er		
dan		
een		
plan		
van		
aanpak		
.		
Daarin		
zal		
de		
raad		
worden		
meegenomen		
in		
een		
aantal		
ontwikkelingen		
en		
de		
wijze		
waarop		
het		
college		
daarnaar		
kijkt		
.		
Moeten		
zaken		
worden		
aangepakt		
op		
natuurlijke		
momenten		
of		
op		
andere		
momenten		
?		
Wordt		
er		
gekozen		
voor		
energieneutraal		
of		
bijna		
energieneutraal		
?		
Ook		
wordt		
bekeken		
of		
er		
een		
methodiek		
kan		
worden		
ontwikkeld		
die		
gericht		
is		
op		
CO2-besparing		
.		
De		
keuzes		
die		
gemaakt		
worden		
,		
hebben		
uiteraard		
financiële		
consequenties		
.		
Op		
grond		
van		
het		
voorgaande		
wil		
hij		B_PER_53
motie		
230		
(		
Verduurzaam		
gemeentelijk		
vastgoed		
)		
afwijzen		
.		
Zijn		B_PER_53
voorstoel		
is		
om		
te		
wachten		
op		
het		
plan		
van		
aanpak		
dat		
over		
zes		
weken		
zal		
verschijnen		
.		
De		B_PER_17
heer		I_PER_17
Van	B-PER	I_PER_17
Heuven	I-PER	I_PER_17
(		
PvdD		
)		
vraagt		
welke		
doelstelling		
het		
plan		
zal		
hebben		
.		
In		
de		
commissie		
,		
en		
ook		
zojuist		
weer		
,		
zwakte		
de		
wethouder		
de		
oorspronkelijke		
doelstellingen		
een		
beetje		
af		
.		
Met		
motie		
230		
wordt		
juist		
getracht		
de		
oorspronkelijke		
doelstelling		
te		
handhaven		
.		
De		B_PER_53
heer		I_PER_53
De	B-PER	I_PER_53
Vries	I-PER	I_PER_53
(		
wethouder		
)		
antwoordt		
dat		
nu		
eerst		
zal		
moeten		
worden		
bekeken		
in		
hoeverre		
de		
doelstellingen		
haalbaar		
en		
betaalbaar		
zijn		
.		
Uitvoering		
van		
motie		
230		
kost		
geld		
,		
dat		
eerst		
vrijgemaakt		
zal		
moeten		
worden		
.		
Hij		B_PER_53
kan		
op		
dit		
moment		
dus		
niet		
met		
de		
motie		
meegaan		
.		
De		
panden		
waar		
de		
gemeente		
zelf		
huurder		
van		
is		
,		
kunnen		
nu		
al		
worden		
aangepakt		
.		
De		
huurders		
worden		
in		
het		
proces		
meegenomen		
en		
actief		
geïnformeerd		
,		
omdat		
die		
het		
heel		
moeilijk		
zullen		
krijgen		
.		
De		
suggestie		
van		
de		
PvdA-fractie		
inzake		
de		
jaarlijkse		
update		
van		
de		
uitvoering		
van		
de		
aanbevelingen		
kan		
hij		
overnemen		
.		
Hij		B_PER_53
zegt		
toe		
dat		
de		
raad		
jaarlijks		
zal		
worden		
geïnformeerd		
.		
In		
Q2		
2023		
zal		
worden		
gestart		
met		
de		
aanbevelingen		
.		
De		B_PER_63
heer		I_PER_63
Keulen	B-PER	I_PER_63
(		
lid		
Rekenkamer		
)		
gaat		
in		
op		
de		
vraag		
van		
D66		
of		
het		
wellicht		
handiger		
is		
om		
niet		
vast		
te		
houden		
aan		
de		
onderhoudscyclus		
,		
maar		
die		
te		
doorbreken		
en		
met		
kleine		
aanpassingen		
snel		
resultaat		
te		
boeken		
.		
Dat		
zou		
heel		
goed		
kunnen		
,		
maar		
dat		
vraagt		
wel		
iets		
.		
Men		
kan		
pas		
dit		
soort		
stappen		
nemen		
-		
dat		
staat		
ook		
centraal		
in		
het		
rapport		
-		
als		
er		
daadwerkelijk		
inzicht		
is		
in		
de		
Raadsvergadering		
van		
15		
september		
2022		
12		
beschikbare		
middelen		
en		
in		
de		
stappen		
die		
men		
wil		
gaan		
zetten		