Griffie		
Gemeenteraad		
Utrecht		
Secretariaat		B_PER_1
raadscommissie		I_PER_1
Mens		I_PER_1
&		I_PER_1
Samenleving		I_PER_1
Postadres		
Postbus		
16200		
3500		
CE		
Utrecht		
Telefoon		
30		
-		
286		
10		
69		
Fax		
30		
-		
286		
15		
18		
www.utrecht.nl/gemeenteraad		
VERSLAG		
OPENBARE		
VERGADERING		
COMMISSIE		
MENS		
&		
SAMENLEVING		
D.D.		
30		
SEPTEMBER		
2021		
[		
Typ		
hier		
]		
Pagina		
1		
van		
12		
Datum		
verslag		
Locatie		
Verslag		
door		
Vaststelling		
verslag		
4		
oktober		
2021		
Stadhuis		
,		
de		
hal		
Geertjan	B-PER	B_PER_2
Benus	I-PER	I_PER_2
(		
Notutekst		
)		
november		
2021		
Aanwezigen		
:		
Ochtendvergadering		
De		
voorzitters		
,		
de		B_PER_3
heer		I_PER_3
M.	B-PER	I_PER_3
de	I-PER	I_PER_3
Pagter	I-PER	I_PER_3
,		
de		B_PER_4
heer		I_PER_4
M.	B-PER	I_PER_4
Saiah	I-PER	I_PER_4
en		
de		B_PER_5
wethouder		I_PER_5
de		I_PER_5
heer		I_PER_5
K.	B-PER	I_PER_5
Verschuure	I-PER	I_PER_5
,		
de		B_PER_6
burgemeester		I_PER_6
mevrouw		I_PER_6
S.	B-PER	I_PER_6
Dijksma	I-PER	I_PER_6
,		
mevrouw		B_PER_7
S.	B-PER	I_PER_7
Schers	I-PER	I_PER_7
(		
GroenLinks		
)		
,		
mevrouw		B_PER_8
C.	B-PER	I_PER_8
van	I-PER	I_PER_8
Dun	I-PER	I_PER_8
(		
D66		
)		
mevrouw		B_PER_9
J.	B-PER	I_PER_9
Admiraal	I-PER	I_PER_9
(		
ChristenUnie		
)		
,		
de		
10		
heer		B_PER_10
B.	B-PER	I_PER_10
van	I-PER	I_PER_10
Steeg	I-PER	I_PER_10
(		
CDA		
)		
,		
mevrouw		B_PER_11
H.	B-PER	I_PER_11
Assen	I-PER	I_PER_11
(		
PvdA		
)		
,		
mevrouw		B_PER_12
T.	B-PER	I_PER_12
Meerding	I-PER	I_PER_12
(		
VVD		
)		
,		
mevrouw		B_PER_13
E.	B-PER	I_PER_13
Kendir	I-PER	I_PER_13
(		
Student		
&		
Starter		
)		
,		
mevrouw		B_PER_14
L.	B-PER	I_PER_14
de	I-PER	I_PER_14
Vries	I-PER	I_PER_14
(		
Partij		
voor		
de		
Dieren		
)		
,		
en		
de		B_PER_15
heer		I_PER_15
Bosch	B-PER	I_PER_15
(		
PVV		
)		
,		
de		B_PER_16
heer		I_PER_16
M.	B-PER	I_PER_16
Sungur	I-PER	I_PER_16
(		
DENK		
)		
en		
de		
commissiegriffier		
mevrouw		B_PER_17
M.	B-PER	I_PER_17
Vos	I-PER	I_PER_17
.		
Verslag		
openbare		
vergadering		
commissie		
Mens		
&		
Samenleving		
d.d.		
30		
september		
2021		
1		
.		
Opening		
en		
mededelingen		
.		
.		
.		
.		
.		
.		
.		
.		
.		
.		
.		
.		
.		
.		
.		
.		
.		
.		
.		
.		
.		
.		
.		
.		
.		
.		
.		
.		
.		
.		
.		
.		
.		
.		
.		
.		
.		
.		
.		
.		
.		
.		
.		
.		
.		
.		
.		
.		
.		
.		
.		
.		
.		
.		
.		
.		
.		
.		
.		
.		
.		
.		
.		
.		
.		
.		
.		
.		
.		
.		
.		
.		
.		
.		
.		
.		
.		
.		
.		
.		
.		
.		
.		
.		
.		
.		
.		
.		
.		
.		
.		
.		
.		
.		
.		
.		
.		
.		
.		
.		
.		
.		
.		
.		
.		
.		
.		
.		
.		
.		
.		
.		
.		
.		
.		
.		
.		
.....		
-		
1		
-		
2.		
Vaststellen		
agenda		
en		
inventarisatie		
agendapunten		
.		
.		
.		
.		
.		
.		
.		
.		
.		
.		
.		
.		
.		
.		
.		
.		
.		
.		
.		
.		
.		
.		
.		
.		
.		
.		
.		
.		
.		
.		
.		
.		
.		
.		
.		
.		
.		
.		
.		
.		
.		
.		
.		
.		
.		
.		
.		
.		
.		
.		
.		
.		
.		
.		
.		
.		
.		
.		
.		
.		
.		
.		
.		
.		
.		
.		
.		
.		
.		
.		
.		
.		
.		
.		
.		
.		
.......		
-		
1		
-		
3.		
Raadsvoorstel		
tweede		
begrotingswijziging		
2021		
.		
.		
.		
.		
.		
.		
.		
.		
.		
.		
.		
.		
.		
.		
.		
.		
.		
.		
.		
.		
.		
.		
.		
.		
.		
.		
.		
.		
.		
.		
.		
.		
.		
.		
.		
.		
.		
.		
.		
.		
.		
.		
.		
.		
.		
.		
.		
.		
.		
.		
.		
.		
.		
.		
.		
.		
.		
.		
.		
.		
.		
.		
.		
.		
.		
.		
.		
.		
.		
.		
.		
.		
.		
.		
.		
.		
.		
.		
.		
.		
.		
.		
.		
.....		
-		
1		
-		
4.		
Raadsvoorstel		
deelname		
experiment		
centrale		
stemopneming		
.		
.		
.		
.		
.		
.		
.		
.		
.		
.		
.		
.		
.		
.		
.		
.		
.		
.		
.		
.		
.		
.		
.		
.		
.		
.		
.		
.		
.		
.		
.		
.		
.		
.		
.		
.		
.		
.		
.		
.		
.		
.		
.		
.		
.		
.		
.		
.		
.		
.		
.		
.		
.		
.		
.		
.		
.		
.		
.		
.		
.		
.......		
-		
1		
-		
4.1 Beantwoording		
schriftelijke		
vragen		
2021		
nummer		
169		
,		
evaluatie		
verkiezingen		
2021		
.		
.		
.		
.		
.		
.		
.		
.		
.		
.		
.		
.		
.		
.		
.		
.		
.		
.		
.		
.		
.		
.		
.		
.		
.		
.		
.		
......		
-		
2		
-		
20		
Ochtendvergadering		
30		
september		
2021		
1		
.		
Opening		
en		
mededelingen		
De		B_PER_3
voorzitter		I_PER_3
,		
de		B_PER_3
heer		I_PER_3
De	B-PER	I_PER_3
Pagter	I-PER	I_PER_3
,		
opent		
de		
vergadering		
om		
10.00		
uur		
en		
heet		
iedereen		
welkom		
.		
Mededelingen		
De		B_PER_3
voorzitter		I_PER_3
deelt		
mee		
voor		
de		
laatste		
keer		
de		B_PER_3
voorzitter		I_PER_3
te		
zijn		
van		
deze		
commis-		
sie		
aangezien		
er		
andere		
commissies		
op		
komst		
zijn		
.		
In		
zijn		
andere		
rol		
zal		
hij		B_PER_3
geen		
commissievoorzitter		B_PER_3
meer		
zijn		
in		
de		
komende		
maanden		
.		
30		
2		
.		
Vaststellen		
agenda		
en		
inventarisatie		
te		
bespreken		
agendapunten		
Conform		
vastgesteld		
.		
3.		
Raadsvoorstel		
tweede		
begrotingswijziging		
2021		
Beleidsveld		
:		
Financiën		
-		
wethouder		B_PER_18
Klein		I_PER_18
Na		
het		
vaststellen		
van		
de		
Programmabegroting		
kent		
het		
jaar		
drie		
rondes		
van		
technische		
aanpassingen		
.		
Dit		
betreft		
de		
tweede		
technische		
wijzing		
van		
de		
Programmabegroting		
2021		
.		
De		B_PER_3
voorzitter		I_PER_3
voert		
met		
instemming		
van		
de		
commissie		
dit		
agendapunt		
van		
de		
40		
agenda		
af		
.		
Dit		
punt		
gaat		
zonder		
discussie		
door		
met		
de		
A-status		
naar		
de		
raad		
.		
4.		
Raadsvoorstel		
deelname		
experiment		
centrale		
stemopneming		
Portefeuillehouders		
:		
burgemeester		B_PER_6
Dijksma	B-PER	I_PER_6
Griffie		
Gemeenteraad		
Utrecht		
Verslag		
van		
de		
openbare		
fysieke		
vergadering		
van		
de		
Commissie		
Mens		
&		
Samenleving		
op		
30		
september		
2021		
Pagina		
2		
van		
12		
4.1		
Beantwoording		
schriftelijke		
vragen		
2021		
nummer		
169		
,		
evaluatie		
verkiezingen		
2021		
De		B_PER_3
voorzitter		I_PER_3
licht		
de		
agendering		
toe		
.		
Het		
college		
heeft		
een		
raadsvoorstel		
naar		
de		
raad		
gestuurd		
waarin		
wordt		
voorgesteld		
dat		
Utrecht		
meedoet		
aan		
het		
experiment		
Centrale		
Stemopneming		
van		
het		
ministerie		
van		
Binnenlandse		
Zaken		
en		
Koninkrijks-		
50		
relaties		
.		
Daarnaast		
zijn		
schriftelijke		
vragen		
gesteld		
over		
de		
evaluatie		
van		
de		
verkiezingen		
in		
2021		
de		
Tweede		
Kamerverkiezingen		
.		
De		
beantwoording		
van		
het		
college		
betrekt		
hij		B_PER_3
bij		
dit		
agendapunt		
.		
De		
commissie		
De		B_PER_15
heer		I_PER_15
Bosch	B-PER	I_PER_15
(		
PVV		
)		
gaat		
in		
op		
het		
vervoer		
van		
de		
stembiljetten		
,		
op		
het		
opleidingsniveau		
van		
de		
vrijwilligers		
op		
de		
CSO		
en		
het		
naleven		
van		
de		
Kieswet		
als		
het		
gaat		
om		
de		
inwoners		
die		
de		
tellingen		
willen		
observeren		
.		
In		
het		
voorstel		
wordt		
gerept		
over		
de		
belasting		
voor		
de		
stembureauleden		
.		
Sommige		
60		
stembureau-leden		
hebben		
uren		
moeten		
wachten		
op		
het		
vervoer		
van		
de		
stembiljetten		
naar		
de		
CSO		
toe		
.		
In		
het		
antwoord		
op		
schriftelijke		
vragen		
geeft		
de		B_PER_6
burgemeester		I_PER_6
aan		
te		
bekijken		
hoe		
dit		
beter		
te		
organiseren		
is		
.		
Hij		B_PER_15
ziet		
daarvan		
niets		
terug		
in		
het		
raads-		
voorstel		
.		
Hij		B_PER_15
krijgt		
graag		
de		
toezegging		
dat		
het		
stembureau		
niet		
opnieuw		
weer		
uren		
moet		
wachten		
bij		
de		
komende		
gemeenteraadsverkiezingen		
.		
Met		
betrekking		
tot		
de		
inzet		
van		
de		
tellers		
bij		
de		
CSO		
wordt		
een		
training		
niet		
nodig		
geacht		
een		
korte		
instructie		
zou		
voldoende		
zijn		
.		
Dat		
lijkt		
hem		B_PER_15
persoonlijk		
niet		
de		
bedoeling		
te		
zijn		
.		
Hoe		
kan		
iemand		
de		
Kieswet		
hanteren		
wanneer		
daarvan		
geen		
kennis		
is		
genomen		
?		
Om		
te		
beslissen		
over		
de		
geldigheid		
van		
een		
stembiljet		
,		
is		
er		
een		
uitgebreide		
circulaire		
van		
de		
kiesraad		
.		
Hij		B_PER_15
krijgt		
graag		
herziening		
van		
dit		
standpunt		
.		
70		
Het		
lijkt		
hem		B_PER_15
ook		
dat		
tellers		
de		
Kieswet		
moeten		
kennen		
om		
te		
kunnen		
tellen		
.		
Bovendien		
kunnen		
zij		
te		
maken		
krijgen		
met		
inwoners		
die		
het		
stemproces		
volgen		
en		
gadeslaan		
.		
Dat		
lijkt		
zijns		
inziens		
niet		
helemaal		
volgens		
de		
kieswet		
te		
gaan		
.		
De		B_PER_6
burgemeester		I_PER_6
schrijft		
dat		
de		
telling		
op		
kandidaatniveau		
de		
definitieve		
telling		
is		
,		
dus		
in		
de		
CSO		
.		
Dat		
vergt		
dan		
naleving		
van		
artikel		
N1		
lid		
2		
.		
De		
vorige		
keer		
was		
niet		
duidelijk		
welk		
stembureau		
gesteld		
welk		
stembureau		
geteld		
werd		
in		
de		
CSO		
.		
Dat		
kan		
en		
mag		
niet		
.		
De		B_PER_6
burgemeester		I_PER_6
geeft		
aan		
dat		
wel		
te		
gaan		
doen		
.		
Het		
plezier		
van		
de		
inwoners		
in		
het		
gadeslaan		
van		
het		
proces		
gaat		
verder		
dan		
kijken		
en		
vragen		
stellen		
.		
Het		
gaat		
om		
de		
vaststelling		
van		
de		
definitieve		
telling		
.		
Artikel		
N8		
lid		
3		
is		
daarover		
duidelijk		
:		
80		
indien		
een		
aanwezige		
kiezer/inwoner		
een		
ongeldig		
verklaard		
biljet		
wil		
bekijken		
,		
moet		
dit		
krachtens		
de		
kieswet		
getoond		
worden		
.		
Ook		
moet		
er		
dan		
bezwaar		
gemaakt		
kunnen		
worden		
.		
Het		
is		
daarom		
juist		
wel		
nodig		
dat		
tellers		
een		
goede		
instructie		
krijgen		
.		
Ook		
de		
naleving		
van		
artikel		
N9		
lid		
1		
moet		
worden		
gewaarborgd		
.		
De		
definitieve		
uitslag		
moet		
mondeling		
aan		
de		
aanwezige		
kiezers		
kenbaar		
worden		
gemaakt		
per		
stembu-		
reau		
.		
Hij		B_PER_15
krijgt		
hierop		
graag		
een		
toezegging		
.		
Dit		
is		
bij		
de		
Tweede		
Kamerverkiezingen		
niet		
conform		
de		
kieswet		
gebeurd		
.		
Hij		B_PER_15
vraagt		
wie		
technisch		
gezien		
de		B_PER_3
voorzitter		I_PER_3
is		
van		
de		
te		
tellen		
stembureaus		
wanneer		
het		
gaat		
om		
de		
definitieve		
telling		
.		
Hij		B_PER_15
krijgt		
op		
die		
vragen		
graag		
een		
antwoord		
.		
90		
De		B_PER_10
heer		I_PER_10
Van	B-PER	I_PER_10
Steeg	I-PER	I_PER_10
(		
CDA		
)		
vindt		
het		
goed		
om		
terug		
te		
kijken		
naar		
het		
stemproces		
van		
de		
Tweede		
Kamerverkiezingen		
.		
Het		
is		
belangrijk		
dat		
goed		
te		
organiseren		
.		
Griffie		
Gemeenteraad		
Utrecht		
Verslag		
van		
de		
openbare		
fysieke		
vergadering		
van		
de		
Commissie		
Mens		
&		
Samenleving		
op		
30		
september		
2021		
Pagina		
3		
van		
12		
Ondanks		
de		
kritische		
punten		
die		
ook		
te		
zien		
waren		
in		
de		
schriftelijke		
vragen		
,		
compli-		
menteert		
hij		B_PER_10
de		
organisatie		
met		
de		
manier		
waarop		
de		
verkiezingen		
georganiseerd		
zijn		
bij		
de		
Tweede		
Kamerverkiezingen		
.		
Het		
is		
relatief		
goed		
verlopen		
ondanks		
de		
moeilijke		
periode		
.		
Nu		
is		
voor		
de		
eerste		
keer		
de		
CSO		
gebruikt		
.		
In		
de		
antwoorden		
op		
de		
schriftelijke		
vraag		
is		
te		
zien		
dat		
het		
tot		
een		
aantal		
knelpunten		
leidt		
.		
Hij		B_PER_10
refereert		
aan		
de		
inbreng		
van		
de		B_PER_15
heer		I_PER_15
Bosch	B-PER	I_PER_15
over		
het		
transport		
dat		
niet		
altijd		
goed		
georganiseerd		
is		
.		
Hij		B_PER_10
vraagt		
zich		
af		
hoe		
de		
organisatie		
dat		
gaat		
doen		
in		
de		
toekomst		
.		
Van		
alle		
stembureaus		
100		
moeten		
de		
biljetten		
naar		
een		
centrale		
plek		
gebracht		
worden		
.		
Ten		
tweede		
vraagt		
hij		B_PER_10
of		
het		
de		
bedoeling		
is		
dat		
dit		
in		
de		
toekomst		
de		
standaard-		
procedure		
wordt		
voor		
alle		
verkiezingen		
die		
zullen		
worden		
gehouden		
.		
Zij		
vraagt		
of		
dat		
inderdaad		
zo		
is		
en		
of		
dit		
de		
procedure		
is		
die		
de		
raad		
daarop		
vaststelt		
.		
Ten		
tweede		
is		
de		
vraag		
of		
daarmee		
financieel		
rekening		
gehouden		
wordt		
.		
Dat		
betekent		
dat		
bij		
elke		
verkiezing		
de		
gemeente		
200.000		
euro		
extra		
gaat		
uitgeven		
.		
Hij		B_PER_10
vraagt		
of		
het		
juist		
is		
en		
of		
dat		
is		
meegenomen		
in		
de		
overwegingen		
.		
Daarnaast		
gaat		
hij		B_PER_10
in		
op		
de		
belasting		
van		
de		
vrijwilligers		
.		
De		
CSO		
zorgt		
voor		
een		
mindere		
belasting		
van		
de		
vrijwilligers		
.		
Hij		B_PER_10
krijgt		
daarop		
graag		
nog		
een		
reactie		
.		
Dat		
wordt		
hem		B_PER_10
niet		
helemaal		
duidelijk		
uit		
de		
antwoorden		
op		
de		
schriftelijke		
vragen		
.		
Hij		B_PER_10
110		
verneemt		
graag		
van		
de		
burgemeester		
wat		
dit		
precies		
betekent		
.		
En		
of		
het		
mogelijk		
is		
de		
uitslag		
van		
Utrecht		
eerder		
bekend		
te		
maken		
in		
maart		
wanneer		
de		
telling		
plaats-		
vindt		
via		
de		
CSO.		
Mevrouw		B_PER_11
Assen	B-PER	I_PER_11
(		
PvdA		
)		
sluit		
zich		B_PER_11
aan		
bij		
de		
complimenten		
van		
de		B_PER_10
heer		I_PER_10
Van	B-PER	I_PER_10
Steeg	I-PER	I_PER_10
.		
Haar		B_PER_11
fractie		
wil		
vooral		
ingaan		
op		
de		
rol		
van		
de		
vrijwilligers		
,		
de		
werkdruk		
voor		
hen		
en		
de		
toegankelijkheid		
van		
de		
stembureaus		
.		
Het		
lijkt		
haar		B_PER_11
goed		
in		
te		
stemmen		
met		
dit		
raadsvoorstel		
om		
deel		
te		
nemen		
aan		
de		
centrale		
stemopneming		
,		
vooral		
ook		
omdat		
dit		
voor		
vrijwilligers		
het		
tellen		
korter		
en		
minder		
intensief		
wordt		
en		
daarmee		
de		
betrouwbaarheid		
van		
de		
telling		
verbetert		
.		
120		
Omdat		
de		
verkiezingsdag		
voor		
de		
tellers		
minder		
zwaar		
wordt		
,		
hoopt		
haar		B_PER_11
fractie		
ook		
dat		
het		
gemakkelijker		
wordt		
om		
vrijwilligers		
te		
werven		
,		
zeker		
nadat		
bij		
de		
laatste		
Tweede		
Kamerverkiezingen		
zoveel		
meer		
vrijwilligers		
betrokken		
waren		
en		
ook		
al		
ingewerkt		
zijn		
.		
Zij		B_PER_11
vraagt		
hoe		
de		B_PER_6
burgemeester		I_PER_6
de		
winst		
daarvan		
ziet		
voor		
de		
komende		
verkiezingen		
.		
Wanneer		
gaat		
het		
wervingsproces		
starten		
?		
Zij		B_PER_11
las		
ook		
de		
schriftelijke		
vragen		
van		
de		
PVV		
,		
die		
behalve		
de		
zwaarte		
van		
het		
werk		
ook		
de		
toegankelijkheid		
van		
de		
stembureaus		
benoemde		
.		
Zij		B_PER_11
las		
dat		
het		
werk		
in		
shifts		
niet		
de		
voorkeur		
heeft		
van		
het		
college		
.		
Zij		B_PER_11
legt		
de		
vraag		
voor		
of		
het		
grotere		
aantal		
vrijwilligers		
dat		
bij		
de		
Tweede		
Kamerverkiezingen		
actief		
was		
er		
op		
een		
andere		
manier		
aan		
bijdragen		
dat		
werk		
voor		
een		
vrijwilliger		
meer		
behapbaar		
en		
aantrekkelijker		
wordt		
,		
130		
zeker		
ook		
voor		
oudere		
vrijwilligers		
die		
wel		
eens		
aangaven		
dat		
een		
hele		
shift		
voor		
hen		
te		
intensief		
was		
.		
Met		
betrekking		
tot		
de		
toegankelijkheid		
,		
las		
haar		B_PER_11
fractie		
de		
antwoorden		
betrekking		
hebbend		
op		
het		
stembureau		
dat		
vooral		
overal		
nabij		
mensen		
beschikbaar		
beschikbaar		
moeten		
zijn		
.		
Zij		B_PER_11
begrijpt		
dat		
het		
lastig		
is		
om		
dan		
overal		
die		
toegankelijkheid		
te		
borgen		
.		
Zij		B_PER_11
zou		
daar		
toch		
graag		
meer		
ambitie		
zien		
.		
Het		
lijkt		
haar		B_PER_11
nodig		
uiteindelijk		
naar		
die		
100%		
toegankelijkheid		
te		
komen		
.		
Zij		B_PER_11
vraagt		
welke		
doelstelling		
de		B_PER_6
burgemeester		I_PER_6
zich		B_PER_6
hiervoor		
stelt		
.		
Bieden		
de		
zeventig		
extra		
locaties		
die		
benut		
zijn		
beide		
Tweede		
Kamerverkiezingen		
daarbij		
mogelijk		
een		
kans		
om		
de		
toegankelijkheid		
te		
vergroten		
?		
De		B_PER_15
heer		I_PER_15
Bosch	B-PER	I_PER_15
(		
PVV		
)		
vraagt		
via		
mevrouw		B_PER_11
Assen	B-PER	I_PER_11
waarom		
shifts		
wel		
mogelijk		
waren		
140		
in		
2002		
.		
Griffie		
Gemeenteraad		
Utrecht		
Verslag		
van		
de		
openbare		
fysieke		
vergadering		
van		
de		
Commissie		
Mens		
&		
Samenleving		
op		
30		
september		
2021		
Pagina		
4		
van		
12		
Mevrouw		B_PER_11
Assen	B-PER	I_PER_11
(		
PvdA		
)		
besluit		
haar		B_PER_11
bijdrage		
met		
in		
te		
gaan		
op		
de		
kosten		
.		
Die		
kos-		
ten		
zijn		
hoger		
uitgevallen		
dan		
begroot		
,		
maar		
nu		
ziet		
zij		B_PER_11
een		
lagere		
begroting		
terug		
.		
Hoe		
voorkomt		
de		B_PER_6
burgemeester		I_PER_6
dat		
die		
kosten		
opnieuw		
hoger		
gaan		
uitvallen		
?		
Mevrouw		B_PER_9
Admiraal	B-PER	I_PER_9
(		
ChristenUnie		
)		
noemt		
de		
verkiezingen		
het		
feest		
van		
de		
demo-		
cratie		
.		
Zij		B_PER_9
vindt		
het		
belangrijk		
dat		
die		
transparant		
en		
goed		
verlopen		
.		
Met		
het		
voort-		
zetten		
van		
de		
CSO		
ziet		
het		
college		
dat		
versterkt		
gebeuren		
.		
Haar		B_PER_9
fractie		
stelt		
enkele		
vragen		
naar		
aanleiding		
van		
dit		
raadsvoorstel		
en		
ook		
naar		
aanleiding		
van		
eerdere		
gestelde		
schriftelijke		
vragen		
.		
150		
Op		
veel		
locaties		
bleek		
het		
mogelijk		
om		
op		
kandidaatniveau		
te		
tellen		
en		
binnen		
een		
redelijke		
tijd		
.		
Dit		
proces		
is		
transparant		
en		
het		
geeft		
vlot		
een		
uitslag		
.		
Waarom		
houdt		
het		
college		
eraan		
vast		
dat		
de		
CSO		
transparanter		
is		
als		
het		
juist		
bij		
de		
CSO		
totaal		
onduidelijk		
was		
welke		
stemmen		
op		
welk		
moment		
geteld		
werden		
.		
Haar		B_PER_9
fractie		
is		
het		
eens		
met		
de		B_PER_6
burgemeester		I_PER_6
dat		
de		
lange		
dagen		
voor		
de		
vrijwilligers		
op		
het		
stembureau		
voorkomen		
moeten		
worden		
.		B_PER_9
Zij		
kan		
zich		B_PER_9
aansluiten		
bij		
de		
eerdere		
vragen		
die		
gesteld		
zijn		
over		
de		
inzet		
van		
vrijwilligers		
,		
voornamelijk		
bij		
die		
vragen		
die		
de		
indeling		
betroffen		
van		
de		
dagen		
in		
shifts		
.		
Te		
zien		
is		
dat		
bij		
de		
vorige		
verkiezingen		
2800		
vrijwilligers		
zijn		
geworven		
.		
Zij		B_PER_9
concludeert		
daaruit		
dat		
dit		
mogelijk		
zou		
moeten		
zijn		
bij		
verkiezingen		
in		
normale		
omstandigheden		
.		
160		
Zij		B_PER_9
vraagt		
hoe		
het		
college		
de		
grote		
verschillen		
duidt		
die		
optraden		
tussen		
de		
eerste		
telling		
op		
de		
stembureaus		
met		
toegewijde		
stembureauleden		
,		
aangevuld		
met		
frisse		
tellers		
en		
de		
uitslag		
van		
de		
tweede		
telling		
op		
de		
CSO		
die		
blijkbaar		
voor		
veel		
bureaus		
niet		
goed		
verliep		
gezien		
de		
grote		
aantallen		
correcties		
op		
de		
procesverbalen		
.		
Zij		B_PER_9
refereert		
aan		
de		
inbreng		
van		
de		
PvdA		
over		
de		
nu		
lager		
begrote		
kosten		
.		
Zij		B_PER_9
vraagt		
of		
het		
geraamde		
bedrag		
nu		
beter		
onderbouwd		
is		
.		
Vanuit		
een		
burger		
ontving		
haar		B_PER_9
fractie		
nog		
een		
lijst		
met		
bezwaren		
nadat		
diegene		
aan-		
wezig		
was		
bij		
de		
vorige		
CSO		
en		
die		
zijn		
ook		
als		
bezwaar		
ingediend		
bij		
de		
vaststelling		
van		
de		
uitslag		
.		
Zij		B_PER_9
merkt		
op		
dat		
het		
gaat		
om		
een		
vrij		
lange		
lijst		
.		
In		
de		
evaluatie		
van		
de		
CSO		
leest		
zij		B_PER_9
niets		
terug		
over		
hoe		
met		
die		
bezwaren		
is		
omgegaan		
.		
Ze		B_PER_9
krijgt		
graag		
170		
een		
toelichting		
van		
de		B_PER_6
burgemeester		I_PER_6
hoe		
met		
deze		
punten		
verder		
te		
werken		
.		
Mevrouw		B_PER_12
Meerding	B-PER	I_PER_12
(		
VVD		
)		
kan		
het		
voorstel		
voor		
deelname		
aan		
de		
centrale		
stemopneming		
steunen		
op		
voorwaarde		
dat		
er		
aandacht		
is		
voor		
het		
navolgende		
:		
		
De		
transparantie		
over		
het		
stemproces		
naar		
de		
stad		
.		
Zij		B_PER_12
vraagt		
het		
college		
de		
inwoners		
breed		
te		
informeren		
over		
hoe		
de		
CSO		
werkt		
.		
		
Verzoekt		
het		
transport		
van		
de		
stembiljetten		
veilig		
te		
laten		
verlopen		
naar		
het		
centrale		
punt		
.		
		
Onbeperkt		
toegang		
voor		
waarnemers		
of		
geïnteresseerden		
tot		
het		
telproces		
.		
		
Een		
tijdige		
start		
van		
het		
werven		
van		
vrijwilligers		
zij		B_PER_12
pleit		
ervoor		
nu		
daarmee		
al		
te		
180		
gaan		
starten		
.		
De		B_PER_15
heer		I_PER_15
Bosch	B-PER	I_PER_15
(		
PVV		
)		
vraagt		
of		
de		
VVD		
van		
mening		
is		
dat		
de		
vrijwilligers		
opgeleid		
moeten		
zijn		
voor		
wat		
ze		
gaan		
doen		
in		
het		
kader		
van		
de		
CSO		
.		
Mevrouw		B_PER_12
Meerding	B-PER	I_PER_12
(		
VVD		
)		
heeft		
zojuist		
het		
betoog		
van		
de		B_PER_15
heer		I_PER_15
Bosch	B-PER	I_PER_15
gehoord		
.		
Zij		B_PER_12
is		
benieuwd		
naar		
de		
antwoorden		
van		
de		B_PER_6
burgemeester		I_PER_6
.		
Mevrouw		B_PER_7
Schers	B-PER	I_PER_7
(		
GroenLinks		
,		
gastspreker		B_PER_7
)		
merkt		
op		
dat		
voor		
haar		B_PER_7
fractie		
het		
tellen		
en		
transparantie		
daarin		
voorop		
staan		
.		
Wat		
haar		B_PER_7
fractie		
betreft		
kan		
de		
CSO		
daaraan		
bijdragen		
door		
onder		
andere		
ervoor		
te		
zorgen		
dat		
er		
minder		
lange		
dagen		
gemaakt		
Griffie		
Gemeenteraad		
Utrecht		
Verslag		
van		
de		
openbare		
fysieke		
vergadering		
van		
de		
Commissie		
Mens		
&		
Samenleving		
op		
30		
september		
2021		
Pagina		
5		
van		
12		
worden		
door		
de		
leden		
van		
de		
stembureaus		
en		
te		
tellen		
met		
frisse		
mensen		
,		
zoals		
190		
beoogd		
in		
dit		
raadsvoorstel		
.		
Bij		
de		
Tweede		
Kamerverkiezingen		
vorig		
jaar		
is		
ervaring		
opgedaan		
met		
het		
experiment		
met		
de		
CSO		
.		
Daarmee		
zijn		
goede		
lessen		
geleerd		
die		
in		
de		
komende		
verkiezingen		
meegenomen		
lijken		
te		
worden		
.		
Ze		B_PER_7
denkt		
daarbij		
bijvoorbeeld		
aan		
het		
zichtbaar		
maken		
op		
welke		
tafel		
van		
welk		
stembureau		
de		
stemmen		
worden		
geteld		
.		
Zij		B_PER_7
geeft		
burgemeester		B_PER_6
mee		
dat		
in		
de		
beeldvorming		
voorkomen		
moet		
worden		
dat		
op		
de		
verkiezingsdag		
minder		
transparant		
geteld		
wordt		
dan		
bij		
de		
CSO-telling		
van		
de		
stemmen		
.		
De		
eerste		
is		
dan		
wel		
niet		
de		
officiële		
uitslag		
.		
Verschillen		
in		
tellingen		
zijn		
voor		
het		
vertrouwen		
in		
de		
uitslag		
uiterst		
onwenselijk		
.		
Dat		
geldt		
dan		
ook		
voor		
de		
beeldvorming		
over		
de		
transparantie		
in		
de		
tellingen		
.		
.		
200		
Met		
betrekking		
tot		
de		
toegankelijkheid		
merkt		
mevrouw		B_PER_7
Schers	B-PER	I_PER_7
op		
dat		
GroenLinks		
het		
eens		
is		
met		
de		B_PER_6
burgemeester		I_PER_6
dat		
de		
dichtheid		
van		
de		
stembureaus		
door		
de		
hele		
stad		
voldoende		
zou		
moeten		
zijn		
.		
De		
afwezigheid		
van		
stembureaus		
die		
voldoet		
aan		
alle		
toegankelijkheidseisen		
blijft		
haars		B_PER_7
inziens		
een		
probleem		
stemmen		
is		
een		
basisrecht		
waar		
niemand		
belemmeringen		
zou		
moeten		
ervaren		
.		
Daarom		
sluit		
ze		B_PER_7
zich		B_PER_7
graag		
aan		
bij		
de		
vragen		
van		
mevrouw		B_PER_11
Assen	B-PER	I_PER_11
over		
dit		
onderwerp		
.		
Mevrouw		B_PER_8
Van	B-PER	I_PER_8
Dun	I-PER	I_PER_8
(		
D66		
)		
licht		
toe		
dat		
voor		
haar		B_PER_8
fractie		
het		
niet		
duidelijk		
is		
dat		
er		
meerwaarde		
zit		
in		
het		
voorliggende		
voorstel		
tegenover		
het		
gewone		
reguliere		
stem-		
men		
,		
zeker		
wanneer		
er		
geen		
coronamaatregelen		
zijn		
,		
is		
de		
noodzaak		
wat		
haar		
frac-		
210		
tie		
betreft		
er		
niet		
om		
dit		
te		
doen		
.		
Zij		B_PER_8
krijgt		
graag		
de		
reflectie		
van		
de		B_PER_6
burgemeester		I_PER_6
hierop		
.		
Destijds		
is		
ingestemd		
met		
de		
CSO		
vooral		
vanwege		
de		
coronamaatregelen		
.		
Het		
tellen		
in		
de		
Jaarbeurs		
zou		
de		
tellers		
meer		
ruimte		
bieden		
.		
Dat		
was		
op		
dat		
moment		
ook		
erg		
belangrijk		
.		
De		
raad		
vond		
de		
kosten		
toen		
erg		
hoog		
.		
Dit		
experiment		
werd		
gedaan		
op		
verzoek		
van		
het		
Rijk		
.		
Toch		
heeft		
het		
Rijk		
voor		
maart		
2021		
slechts		
een		
fractie		
ver-		
goed		
.		
Destijds		
verzocht		
de		
raad		
de		B_PER_6
burgemeester		I_PER_6
dringend		
de		
rekening		
neer		
te		
leg-		
gen		
bij		
het		
ministerie		
van		
Binnenlandse		
Zaken		
.		
Zij		B_PER_8
vraagt		
of		
de		B_PER_6
burgemeester		I_PER_6
wil		
be-		
vestigen		
dat		
zij		B_PER_6
dat		
gaat		
doen		
en		
dat		
zij		B_PER_6
de		
raad		
daarover		
gaat		
informeren		
.		
Zij		B_PER_8
sluit		
zich		
graag		
aan		
bij		
de		
inbreng		
over		
de		
vrijwilligers		
.		
Zij		B_PER_8
ziet		
wel		
degelijk		
de		
220		
voordelen		
in		
van		
verschillende		
shifts		
en		
eventuele		
nachtploegen		
.		
Zij		B_PER_8
wacht		
de		
reactie		
van		
de		B_PER_6
burgemeester		I_PER_6
af		
.		
D66		
wil		
geen		
experiment		
met		
een		
nieuwe		
variant		
stembiljetten		
.		
Dat		
maakt		
de		
kandi-		
daten		
in		
haar		B_PER_8
beleving		
onzichtbaar		
.		
Zij		B_PER_8
vraagt		
of		
de		B_PER_6
burgemeester		I_PER_6
kan		
bevestigen		
dat		
Utrecht		
dat		
niet		
gaat		
doen		
.		
Binnenlandse		
Zaken		
gaat		
aan		
de		
slag		
met		
early		
voting		
en		
brief		
stemmen		
.		
Bijna		
11.000		
mensen		
stemden		
in		
Utrecht		
per		
brief		
.		
Zij		
waren		
daarover		
heel		
positief		
.		
Zij		B_PER_8
vraagt		
of		
de		
burgemeester		
bereid		
is		
zich		
hiervoor		
in		
te		
zetten		
bij		
het		
Rijk		
.		
De		B_PER_15
heer		I_PER_15
Bosch	B-PER	I_PER_15
(		
PVV		
)		
merkt		
op		
dat		
het		
brief		
stemmen		
ook		
een		
coronamaatregel		
was		
en		
die		
maatregel		
ziet		
mevrouw		B_PER_8
Van	B-PER	I_PER_8
Dun	I-PER	I_PER_8
wél		
zitten		
.		
Hij		B_PER_15
vraagt		
hoe		
hij		
dit		
moet		
230		
duiden		
.		
Mevrouw		B_PER_8
Van	B-PER	I_PER_8
Dun	I-PER	I_PER_8
(		
D66		
)		
licht		
toe		
dat		
de		
CSO		
is		
wat		
er		
uiteindelijk		
gedaan		
wordt		
met		
de		
uitgebrachte		
stemmen		
,		
waar		
die		
geteld		
worden		
.		
Zij		B_PER_8
vindt		
het		
uitbrengen		
van		
een		
stem		
per		
brief		
van		
een		
andere		
orde		
.		
Daarover		
wil		
zij		B_PER_8
meer		
duidelijkheid		
.		
De		B_PER_15
heer		I_PER_15
Bosch	B-PER	I_PER_15
(		
PVV		
)		
vraagt		
of		
mevrouw		B_PER_8
Van	B-PER	I_PER_8
Dun	I-PER	I_PER_8
het		
met		
hem		B_PER_15
eens		
is		
dat		
het		
stemmen		
via		
een		
brief		
eigenlijk		
heel		
uitzonderlijk		
was		
omdat		
geen		
zekerheid		
kan		
zijn		
over		
wie		
de		
brief		
invult		
.		
Griffie		
Gemeenteraad		
Utrecht		
Verslag		
van		
de		
openbare		
fysieke		
vergadering		
van		
de		
Commissie		
Mens		
&		
Samenleving		
op		
30		
september		
2021		
Pagina		
6		
van		
12		
Mevrouw		B_PER_8
Van	B-PER	I_PER_8
Dun	I-PER	I_PER_8
(		
D66		
)		
bevestigt		
dat		
daartegen		
bepaalde		
bezwaren		
zijn		
.		
Zij		B_PER_8
wil		
graag		
nagaan		
wat		
daarvan		
het		
nut		
is		
en		
of		
de		
gemeente		
daarmee		
door		
moet		
gaan		
of		
niet		
en		
welke		
ervaring		
daarmee		
is		
opgedaan		
.		
240		
92		
%		
van		
de		
stembureaus		
is		
toegankelijk		
-		
zij		B_PER_8
is		
het		
eens		
met		
mevrouw		B_PER_11
Assen	B-PER	I_PER_11
dat		
daarin		
meer		
ambitie		
kan		
zitten		
om		
naar		
die		
100		
%		
toe		
te		
gaan		
.		
D66		
vindt		
dat		
heel		
erg		
belangrijk		
.		
De		
vorige		
keer		
is		
gebruik		
gemaakt		
van		
de		
druktemeterapp		
.		
Die		
app		
lijkt		
haar		B_PER_8
fractie		
ook		
buiten		
corona		
nuttig		
.		
Zij		B_PER_8
krijgt		
graag		
de		
reactie		
van		
de		B_PER_6
burgemeester		I_PER_6
.		
Mevrouw		B_PER_14
De	B-PER	I_PER_14
Vries	I-PER	I_PER_14
(		
Partij		
voor		
de		
Dieren		
)		
is		
positief		
over		
het		
voorliggende		
voorstel		
.		
Zij		B_PER_14
brengt		
een		
aantal		
aandachtspunten		
in		
die		
ook		
langskwamen		
bij		
de		
andere		
fracties		
:		
		
de		
communicatie		
naar		
inwoners		
250		
		
het		
vervoer		
van		
de		
stembiljetten		
		
de		
mindere		
belasting		
van		
vrijwilligers		
als		
gevolg		
van		
het		
voorstel		
.		
Haar		B_PER_14
fractie		
vraagt		
zich		
af		
of		
die		
mindere		
belasting		
er		
ook		
daadwerkelijk		
zal		
zijn		
		
Ook		
haar		B_PER_14
fractie		
ziet		
de		
voordelen		
in		
van		
de		
verschillende		
shifts		
		
De		
kosten		
zijn		
lager		
dan		
de		
vorige		
keer		
zij		B_PER_14
vraagt		
waar		
de		
onderbouwing		
van		
de		
begroting		
Mevrouw		B_PER_13
Kendir	B-PER	I_PER_13
(		
Student		
&		
Starter		
)		
staat		
positief		
tegenover		
het		
voorliggende		
raads-		
voorstel		
.		
Haar		B_PER_13
fractie		
ziet		
nog		
wel		
een		
aantal		
verbeterpunten		
waarvoor		
zij		B_PER_13
aandacht		
vraagt		
:		
260		
Zij		B_PER_13
las		
bij		
de		
vorige		
verkiezingen		
dat		
er		
moeite		
was		
met		
het		
werven		
van		
medewerkers		
op		
de		
stembureaus		
.		
Haar		B_PER_13
fractie		
ziet		
hierin		
kansen		
:		
jongeren		
zijn		
over		
het		
algemeen		
relatief		
flexibeler		
dan		
de		
gemiddelde		
burger		
.		
Zij		B_PER_13
vraagt		
de		
toezegging		
van		
de		B_PER_6
burge-		I_PER_6
meester		I_PER_6
in		
het		
communicatieprogramma		
voor		
het		
werven		
van		
medewerkers		
op		
deze		
dag		
vooral		
in		
te		
zetten		
op		
het		
werven		
van		
jongeren		
.		
Haar		B_PER_13
fractie		
ziet		
kansen		
in		
gesprekken		
met		
bedrijven/organisaties		
die		
maatschappe-		
lijk		
een		
bijdrage		
willen		
leveren		
en		
hun		
medewerkers		
een		
dag		
vrij		
kunnen		
geven		
op		
de		
dag		
van		
het		
stemmen		
.		
Zij		B_PER_13
vraagt		
of		
de		B_PER_6
burgemeester		I_PER_6
kan		
toezeggen		
om		
daarover		
het		
gesprek		
aan		
te		
gaan		
met		
bedrijven		
.		
Haar		B_PER_13
fractie		
ontving		
daarnaast		
ook		
signalen		
over		
mogelijke		
verbeterpunten		
in		
het		
270		
selectieproces		
omdat		
er		
heel		
veel		
mensen		
bij		
de		
vorige		
verkiezingen		
onzeker		
waren		
tot		
op		
het		
laatste		
moment		
over		
of		
ze		
inzetbaar		
waren		
.		
In		
haar		B_PER_13
fractie		
heerste		
verba-		
zing		
over		
het		
bericht		
over		
personeelstekort		
.		
Zij		B_PER_13
geeft		
de		B_PER_6
burgemeester		I_PER_6
mee		
hierin		
verbetermogelijkheden		
te		
zien		
Tot		
slot		
merkt		
zij		B_PER_13
op		
over		
de		
toegankelijkheid		
dat		
zij		B_PER_13
meerdere		
stembureaus		
wenst		
voor		
slechtzienden		
en		
slechthorenden		
.		
Dat		
zou		
wat		
haar		B_PER_13
betreft		
beter		
passen		
bij		
Utrecht		
als		
inclusieve		
stad		
.		
Zij		B_PER_13
vraagt		
de		
reactie		
van		
de		B_PER_6
burgemeester		I_PER_6
hierop		
.		
De		B_PER_16
heer		I_PER_16
Sungur	B-PER	I_PER_16
(		
DENK		
)		
sluit		
zich		
aan		
bij		
wat		
gezegd		
is		
over		
toegankelijkheid		
van		
stembureaus		
.		
Voor		
het		
overige		
lijkt		
het		
zijn		B_PER_16
fractie		
een		
prima		
voorstel		
.		
280		
Korte		
schorsing		
en		
heropening		
van		
de		
vergadering		
.		
Burgemeester		B_PER_6
Dijksma	B-PER	I_PER_6
beantwoordt		
de		
gestelde		
vragen		
.		
Zij		B_PER_6
merkt		
dat		
er		
een		
grote		
mate		
aan		
betrokkenheid		
en		
kennis		
is		
in		
de		
commissie		
.		
Dat		
helpt		
het		
bestuur		
om		
het		
proces		
te		
verbeteren		
.		
Griffie		
Gemeenteraad		
Utrecht		
Verslag		
van		
de		
openbare		
fysieke		
vergadering		
van		
de		
Commissie		
Mens		
&		
Samenleving		
op		
30		
september		
2021		
Pagina		
7		
van		
12		
Zij		B_PER_6
sluit		
zich		
aan		
bij		
de		
complimenten		
die		
de		B_PER_10
heer		I_PER_10
Van	B-PER	I_PER_10
Steeg	I-PER	I_PER_10
en		
mevrouw		B_PER_11
Assen	B-PER	I_PER_11
heeft		
gemaakt		
in		
ieder		
geval		
in		
de		
richting		
van		
de		
vrijwilligers		
en		
in		
de		
richting		
van		
de		
me-		
dewerkers		
van		
de		
gemeente		
.		
Vandaag		
laat		
het		
bestuur		
vooral		
zijn		
licht		
schijnen		
op		
de		
dingen		
die		
voor		
verbetering		
in		
aanmerking		
komen		
.		
Daarover		
zijn		
college		
en		
raad		
290		
het		
eens		
.		
Zij		B_PER_6
beschouwt		
de		
vraag		
van		
mevrouw		B_PER_8
Van	B-PER	I_PER_8
Dun	I-PER	I_PER_8
als		
een		
principiële		
.		
De		B_PER_6
burgemeester		I_PER_6
zou		
het		
onverstandig		
vinden		
dit		
niet		
te		
doen		
.		
Zij		B_PER_6
attendeert		
de		
commissie		
op		
een		
wetsvoorstel		
waardoor		
de		
gemeente		
niet		
meer		
de		
keuze		
zou		
hebben		
wanneer		
die		
zou		
worden		
aangenomen		
.		
Zij		B_PER_6
vindt		
het		
dan		
onverstandig		
om		
dat		
te		
negeren		
.		
Mevrouw		B_PER_9
Admiraal	B-PER	I_PER_9
(		
ChristenUnie		
)		
merkt		
op		
dat		
in		
het		
wetsvoorstel		
staat		
dat		
een		
CSO		
een		
keus		
is		
.		
In		
het		
wetsvoorstel		
staat		
ook		
dat		
in		
elke		
gemeente		
een		
belangen-		
afweging		
moet		
worden		
gemaakt		
in		
of		
men		
CSO		
beter		
en		
transparanter		
vindt		
.		
Zij		B_PER_9
benadrukt		
dat		
een		
CSO		
geen		
verplichting		
is		
.		
Mevrouw		B_PER_8
Van	B-PER	I_PER_8
Dun	I-PER	I_PER_8
(		
D66		
)		
sluit		
zich		B_PER_8
daar		
graag		
bij		
aan		
.		
300		
Burgemeester		B_PER_6
Dijksma	B-PER	I_PER_6
heeft		
begrepen		
dat		
wanneer		
het		
een		
wetsvoorstel		
wordt		
,		
het		
voor		
de		
gemeente		
zal		
leiden		
tot		
een		
situatie		
waarin		
zij		
dit		
zou		
moeten		
uitvoeren		
.		
Dat		
heeft		
te		
maken		
met		
het		
logistieke		
proces		
.		
Het		
tellen		
op		
kandidaatniveau		
stelt		
de		
gemeente		
in		
de		
huidige		
situatie		
voor		
een		
aantal		
echt		
grote		
problemen		
.		
Mevrouw		B_PER_8
Van	B-PER	I_PER_8
Dun	I-PER	I_PER_8
(		
D66		
)		
merkt		
op		
dat		
de		
gemeente		
er		
al		
ervaring		
mee		
heeft		
.		
Zij		B_PER_8
verzet		
zich		
tegen		
bangmakerij		
.		
Burgemeester		B_PER_6
Dijksma	B-PER	I_PER_6
benadrukt		
dat		
het		
haar		B_PER_6
er		
om		
gaat		
dit		
zo		
goed		
mogelijk		
te		
organiseren		
:		
met		
het		
aantal		
stemmen		
,		
met		
de		
maatregelen		
waarmee		
de		
gemeente		
steeds		
meer		
te		
maken		
krijgt		
,		
met		
de		
druk		
op		
de		
vrijwilligers		
.		
Velen		
vroegen		
het		
be-		
hapbaarder		
te		
maken		
.		
Het		
voordeel		
van		
dit		
model		
is		
dat		
dit		
mogelijk		
is		
.		
Dat		
is		
niet		
310		
gelukt		
op		
alle		
stembureaus		
maar		
wel		
op		
vele		
.		
Zij		B_PER_6
ziet		
grote		
voordelen		
over		
de		
hele		
linie		
gezien		
.		
Zij		B_PER_6
benoemt		
een		
aantal		
pijnpunten		
:		
het		
vervoer		
van		
de		
stembiljetten		
naar		
het		
centrale		
punt		
.		
Dat		
kwam		
ook		
aan		
de		
orde		
in		
de		
schriftelijke		
vragen		
.		
Ook		
daar		
is		
gezegd		
dat		
dat		
een		
punt		
van		
kritiek		
is		
dat		
het		
bestuur		
gaat		
oppakken		
.		
Het		
vervoer		
duurde		
te		
lang		
.		
Dat		
moet		
beter		
.		
Vraag		
is		
hoe		
de		
herleidbaarheid		
te		
regelen		
van		
de		
stembureaus		
bij		
de		
centrale		
telling		
.		
Dat		
is		
een		
punt		
dat		
verbeterd		
moet		
worden		
.		
Het		
is		
belangrijk		
die		
één		
op		
één		
relatie		
te		
kunnen		
leggen		
.		
Dat		
is		
in		
de		
evaluatie		
voor		
het		
college		
een		
belangrijk		
leerpunt		
geweest		
.		
320		
Met		
betrekking		
tot		
de		
positie		
van		
de		
vrijwilligers		
zet		
de		B_PER_6
burgemeester		I_PER_6
uiteen		
dat		
velen		
van		
hen		
nodig		
waren		
en		
dat		
er		
ook		
mensen		
stand-by		
moesten		
zijn		
.		
Het		
ging		
om		
heel		
veel		
meer		
mensen		
dan		
in		
het		
verleden		
.		
De		B_PER_6
burgemeester		I_PER_6
bevestigt		
dat		
de		
lat		
niet		
zo		
hoog		
moet		
liggen		
dat		
mensen		
het		
niet		
meer		
willen		
doen		
.		
Als		
het		
gaat		
om		
opleidingen		
,		
zijn		
er		
begeleiders		
te		
raadplegen		
in		
situaties		
van		
twijfel		
.		
Ook		
de		
medewerkers		
van		
de		
gemeente		
zijn		
aanwezig		
.		
Mensen		
worden		
voorbereid		
en		
getraind		
op		
wat		
van		
hen		
verwacht		
wordt		
.		
Zo		
probeert		
het		
college		
dit		
op		
te		
lossen		
.		
De		B_PER_15
heer		I_PER_15
Bosch	B-PER	I_PER_15
(		
PVV		
)		
merkt		
op		
dat		
heel		
specifiek		
de		
teller		
een		
instructie		
is		
te		
geven		
op		
wat		
een		
ongeldig		
biljet		
is		
en		
wat		
niet		
.		
Hij		B_PER_15
vraagt		
of		
het		
college		
het		
daar		
specifiek		
op		
gaat		
zetten		
.		
330		
Burgemeester		B_PER_6
Dijksma	B-PER	I_PER_6
antwoordt		
dat		
dit		
precies		
het		
punt		
is		
waarover		
de		
instructie		
moet		
gaan		
.		
Aan		
deze		
instructie		
wordt		
verder		
gewerkt		
.		
Zij		B_PER_6
maakt		
graag		
gebruik		
van		
ervaringsdeskundigen		
.		
De		
instructie		
moet		
erop		
gericht		
zijn		
zo		
dat		
de		
medewerkers		
in		
staat		
zijn		
om		
op		
het		
juiste		
moment		
hulp		
in		
te		
roepen		
.		
Het		
is		
ook		
waar		
dat		
het		
toekij-		
ken		
belangrijk		
is		
.		
De		B_PER_6
burgemeester		I_PER_6
deelt		
mee		
dat		
de		
gemeente		
gesproken		
heeft		
met		
Griffie		
Gemeenteraad		
Utrecht		
Verslag		
van		
de		
openbare		
fysieke		
vergadering		
van		
de		
Commissie		
Mens		
&		
Samenleving		
op		
30		
september		
2021		
Pagina		
8		
van		
12		
de		
burger		
die		
heeft		
ingesproken		
.		
Zij		B_PER_6
bevestigt		
dat		
de		
transparantie		
die		
de		
commissie		
bepleit		
,		
nodig		
is		
.		
De		B_PER_6
burgemeester		I_PER_6
bevestigt		
dat		
de		
kosten		
hoger		
zijn		
met		
de		
CSO		
.		
Die		
zijn		
niet		
in		
alle		
gevallen		
opgenomen		
in		
de		
begrotingen		
voor		
de		
toekomst		
.		
Het		
college		
zal		
een		
voor-		
stel		
doen		
bij		
de		
Voorjaarsnota		
.		
De		
kosten		
zullen		
lager		
zijn		
dan		
de		
afgelopen		
keer		
.		
Nu		
340		
hoeft		
de		
gemeente		
geen		
externe		
projectleider		
meer		
in		
te		
huren		
.		
Het		
is		
niet		
goedko-		
per		
.		
Het		
heeft		
voor		
de		
vrijwilligers		
voordelen		
omdat		
de		
werkdag		
op		
de		
dag		
zelf		
te		
bekorten		
is		
.		
De		B_PER_16
heer		I_PER_16
Sungur	B-PER	I_PER_16
(		
DENK		
)		
vindt		
dat		
de		
democratie		
wel		
iets		
mag		
kosten		
,		
zeker		
wan-		
neer		
dat		
leidt		
tot		
meer		
transparantie		
en		
zorgvuldigheid		
.		
Hij		B_PER_16
meent		
gelezen		
te		
hebben		
in		
het		
voorstel		
dat		
het		
Rijk		
een		
deel		
van		
de		
kosten		
op		
zich		
zou		
nemen		
.		
Hij		B_PER_16
vraagt		
of		
dat		
een		
structurele		
bekostiging		
zal		
zijn		
in		
het		
geval		
de		
gemeente		
hiervoor		
kiest		
in		
de		
toekomst		
,		
of		
gaat		
de		
bekostiging		
alleen		
om		
het		
experiment		
?		
Burgemeester		B_PER_6
Dijksma	B-PER	I_PER_6
zet		
uiteen		
dat		
voor		
het		
experiment		
een		
extra		
bijdrage		
is		
ontvangen		
van		
BZK		
.		
Zij		B_PER_6
zal		
hier		
in		
de		
tweede		
termijn		
op		
terugkomen		
.		
350		
De		
bijdrage		
van		
het		
Rijk		
was		
10.000		
euro		
.		
De		
vorige		
keer		
waren		
de		
extra		
kosten		
ongeveer		
247.000		
euro		
.		
Zij		B_PER_6
weet		
niet		
wat		
BZK		
met		
het		
wetsvoorstel		
gaat		
doen		
in		
de		
richting		
van		
de		
gemeen-		
ten		
als		
het		
gaat		
om		
extra		
kosten		
.		
Zij		B_PER_6
zal		
de		
beantwoording		
daarvan		
in		
de		
tweede		
termijn		
op		
zich		B_PER_6
nemen		
.		
Doorlopend		
worden		
gesprekken		
gevoerd		
omdat		
de		
bijdragen		
lang		
niet		
altijd		
kostendekkend		
zijn		
en		
de		
eisen		
aan		
de		
gemeenten		
hoger		
dan		
waar-		
voor		
men		
wil		
betalen		
.		
Deze		
discussie		
is		
voortgaand		
.		
Verschillende		
raadsleden		
hebben		
geopperd		
dat		
eerder		
begonnen		
moet		
worden		
met		
werven		
.		
Dan		
moet		
eerst		
duidelijk		
zijn		
voor		
welk		
systeem		
geworven		
zal		
worden		
.		
Daar-		
voor		
is		
het		
belangrijk		
eerst		
deze		
discussie		
te		
hebben		
afgerond		
.		
Het		
is		
mogelijk		
een		
360		
uitvraag		
te		
doen		
om		
de		
interesse		
na		
te		
gaan		
.		
Zij		B_PER_6
vindt		
enkele		
suggesties		
van		
Student		
&		
Starter		
ook		
interessant		
:		
na		
te		
gaan		
of		
nieuwe		
partners		
te		
vinden		
zijn		
.		
Dat		
kan		
van		
pas		
komen		
omdat		
de		
gemeente		
veel		
mensen		
nodig		
heeft		
,		
ook		
mensen		
op		
de		
reser-		
velijst		
.		
De		
gemeente		
heeft		
een		
ambitie		
om		
de		
toegankelijkheid		
steeds		
verder		
te		
verbeteren		
.		
De		
gemakkelijkste		
manier		
is		
alle		
niet-toegankelijke		
stembureaus		
te		
sluiten		
.		
Dan		
heeft		
Utrecht		
100		
%		
toegankelijke		
stembureaus		
.		
De		
dichtheidsgraad		
van		
de		
stembureaus		
neemt		
dan		
wel		
af		
.		
Het		
gemeentebestuur		
vindt		
de		
nabijheid		
ook		
heel		
erg		
belangrijk		
.		
Het		
college		
let		
goed		
op		
bij		
de		
locatiekeuze		
.		
Elk		
jaar		
stijgt		
het		
percentage		
toegankelijk-		
heid		
.		
De		
fase		
waarin		
de		
gemeente		
nu		
zit		
is		
die		
vanuit		
de		
vraag		
hoe		
het		
mogelijk		
is		
de		
370		
toegankelijkheid		
steeds		
verder		
te		
verbeteren		
.		
De		B_PER_15
heer		I_PER_15
Bosch	B-PER	I_PER_15
(		
PVV		
)		
doet		
de		
suggestie		
het		
recht		
van		
vordering		
toe		
te		
passen		
.		
Burgemeester		B_PER_6
Dijksma	B-PER	I_PER_6
geeft		
de		
voorkeur		
aan		
het		
vinden		
van		
goede		
locaties		
boven		
het		
vorderen		
van		
locaties		
.		
Het		
college		
spant		
zich		
daarvoor		
in		
.		
Zij		B_PER_6
schetst		
de		
ervaring		
met		
een		
goed		
initiatief		
van		
een		
van		
de		
burgers		
.		
Mevrouw		B_PER_11
Assen	B-PER	I_PER_11
(		
PvdA		
)		
verwacht		
dat		
iedereen		
begrijpt		
dat		
het		
niet		
reëel		
is		
om		
te		
eisen		
dat		
het		
percentage		
op		
100		
%		
ligt		
bij		
de		
volgende		
verkiezingen		
met		
dezelfde		
nabijheid		
als		
nu		
.		
Zij		B_PER_11
is		
het		
eens		
met		
mevrouw		B_PER_13
Kendir	B-PER	I_PER_13
over		
dat		
het		
voorbeeld		
van		
het		
heel		
toegankelijk		
stembureau		
op		
het		
stadskantoor		
heel		
mooi		
is		
,		
maar		
ze		B_PER_11
heeft		
er		
wel		
behoefte		
aan		
de		
lat		
steeds		
hoger		
te		
leggen		
en		
meer		
ambitie		
uit		
te		
spreken		
op		
dit		
380		
onderwerp		
.		
Zij		B_PER_11
gaat		
ervan		
uit		
dat		
de		
daden		
dan		
volgen		
.		
Burgemeester		B_PER_6
Dijksma	B-PER	I_PER_6
heeft		
de		
ervaring		
hierin		
ambitieus		
te		
zijn		
en		
dat		
ook		
echt		
gezocht		
wordt		
.		
Uiteindelijk		
is		
het		
de		
doelstelling		
om		
naar		
een		
100		
%		
toe		
te		
gaan		
.		
Zij		B_PER_6
herhaalt		
haar		B_PER_6
informatie		
.		
Zij		B_PER_6
bepleit		
realiteitszin		
in		
dezen		
.		
Griffie		
Gemeenteraad		
Utrecht		
Verslag		
van		
de		
openbare		
fysieke		
vergadering		
van		
de		
Commissie		
Mens		
&		
Samenleving		
op		
30		
september		
2021		
Pagina		
9		
van		
12		
Mevrouw		B_PER_13
Kendir	B-PER	I_PER_13
(		
Student		
&		
Starter		
)		
begrijpt		
dat		
het		
lastig		
is		
in		
één		
keer		
de		
ambitie		
waar		
te		
maken		
.		
Zij		B_PER_13
vraagt		
of		
de		B_PER_6
burgemeester		I_PER_6
kan		
toezeggen		
dat		
onderzoek		
gedaan		
zal		
worden		
naar		
de		
uitbreiding		
van		
het		
aantal		
toegankelijke		
stembureaus		
en		
de		
resultaten		
daarvan		
te		
delen		
met		
de		
raad		
in		
Q1		
2022		
.		
Burgemeester		B_PER_6
Dijksma	B-PER	I_PER_6
betwijfelt		
of		
hiervoor		
een		
onderzoek		
nodig		
is		
.		
Zij		B_PER_6
heeft		
liever		
dat		
haar		B_PER_6
medewerkers		
aan		
de		
slag		
gaan		
met		
het		
zoeken		
van		
locaties		
dan		
dat		
een		
390		
onderzoek		
wordt		
gedaan		
zoals		
nu		
voorgesteld		
.		
Zij		B_PER_6
zegt		
toe		
hierover		
bij		
de		
commissie		
terug		
te		
komen		
vóór		
de		
verkiezingen		
om		
aan		
te		
geven		
in		
hoeverre		
dit		
is		
gelukt		
en		
zo		
jaar		
om		
welke		
locaties		
het		
dan		
gaat		
.		
Mevrouw		B_PER_13
Kendir	B-PER	I_PER_13
(		
Student		
&		
Starter		
)		
noemt		
dit		
een		
inventarisatie		
en		
zij		B_PER_13
toont		
haar		B_PER_13
interesse		
in		
de		
update		
.		
Mevrouw		B_PER_11
Assen	B-PER	I_PER_11
(		
PvdA		
)		
begreep		
dat		
onder		
toegankelijkheid		
de		
rolstoeltoeganke-		
lijkheid		
werd		
bedoeld		
met		
de		
opmerking		
dat		
het		
laaghangend		
fruit		
al		
geplukt		
is		
.		
Zij		B_PER_11
houdt		
het		
voor		
mogelijk		
dat		
meer		
laaghangend		
fruit		
te		
vinden		
is		
in		
de		
categorie		
opvolging		
van		
het		
stembureau		
op		
het		
stadskantoor		
op		
meer		
locaties		
bij		
de		
volgende		
verkiezingen		
.		
400		
Burgemeester		B_PER_6
Dijksma	B-PER	I_PER-6
antwoordt		
bevestigend		
.		
De		B_PER_16
heer		I_PER_16
Sungur	B-PER	I_PER_16
(		
DENK		
)		
vraagt		
of		
hij		B_PER_16
mag		
aannemen		
dat		
de		
niet		
fysiek-toeganke-		
lijke		
bureaus		
meegenomen		
worden		
in		
de		
update		
.		
Burgemeester		B_PER_6
Dijksma	B-PER	I_PER_6
antwoordt		
bevestigend		
.		
Zij		B_PER_6
vervolgt		
haar		B_PER_6
beantwoording		
met		
in		
te		
gaan		
op		
de		
vraag		
waarom		
de		
shifts		
niet		
terugkomen		
.		
Het		
probleem		
daarbij		
is		
dat		
de		
gemeente		
dan		
nog		
meer		
vrijwilligers		
moet		
werven		
.		
De		
gemeente		
beschikt		
wel		
over		
een		
behoorlijk		
aantal		
vrijwilligers		
.		
Het		
niet		
meer		
tellen		
op		
kwalitatief		
hoog		
niveau		
is		
een		
factor		
in		
de		
bekorting		
van		
de		
werkdag		
.		
Mevrouw		B_PER_9
Admiraal	B-PER	I_PER_9
(		
ChristenUnie		
)		
stelt		
voor		
het		
om		
te		
draaien		
en		
door		
het		
werken		
in		
shifts		
de		
gelegenheid		
te		
creëren		
voor		
het		
werven		
van		
meer		
vrijwilligers		
.		
410		
Burgemeester		B_PER_6
Dijksma	B-PER	I_PER_6
vraagt		
zich		B_PER_6
af		
of		
dat		
zo		
werken		
zal		
.		
Zij		B_PER_6
voorziet		
in		
dezen		
ook		
praktische		
problemen		
.		
De		B_PER_6
burgemeester		I_PER_6
licht		
toe		
op		
welke		
manier		
het		
werk		
van		
de		
vrijwilligers		
wordt		
verlicht		
.		
Zij		B_PER_6
vervolgt		
haar		B_PER_6
beantwoording		
met		
in		
te		
gaan		
op		
de		
technische		
vraag		
:		
het		
gemeen-		
telijk		
stembureau		
heeft		
het		
voorzitterschap		
van		
het		
technisch		
stembureau		
.		
De		B_PER_15
heer		I_PER_15
Bosch	B-PER	I_PER_15
(		
PVV		
)		
begrijpt		
dat		
die		
dan		
ook		
de		
procesverbalen		
gaat		
vaststellen		
omdat		
het		
dan		
gaat		
om		
de		
definitieve		
stemming		
.		
Burgemeester		B_PER_6
Dijksma	B-PER	I_PER_6
antwoordt		
bevestigend		
.		
De		B_PER_15
heer		I_PER_15
Bosch	B-PER	
(		
PVV		
)		
houdt		
het		
voor		
mogelijk		
hierover		
bij		
de		
commissie		
terug		
te		
komen		
.		
420		
De		B_PER_3
voorzitter		I_PER_3
deelt		
mee		
dat		
na		
deze		
vergadering		
in		
technische		
zin		
te		
overleggen		
is		
met		
de		
adviseurs		
van		
de		B_PER_6
burgemeester		I_PER_6
.		
Burgemeester		B_PER_6
Dijksma	B-PER	I_PER_6
biedt		
dat		
van		
harte		
aan		
.		
Zij		B_PER_6
doet		
de		
suggestie		
dan		
ook		
te		
spreken		
over		
de		
instructie		
.		
Over		
early		
voting		
kan		
de		B_PER_6
burgemeester		I_PER_6
niet		
voorspellen		
of		
dat		
ook		
deze		
keer		
weer		
aan		
de		
orde		
zal		
zijn		
.		
Dit		
zal		
bepaald		
worden		
door		
het		
ministerie		
.		
De		
druktemeterapp		
vindt		
de		B_PER_6
burgemeester		I_PER_6
briljant		
.		
Zij		B_PER_6
vindt		
dat		
die		
druktemeterapp		
moet		
blijven		
.		
Hiermee		
rondt		
zij		B_PER_6
haar		B_PER_6
beantwoording		
af		
.		
Gemiste		
antwoorden		
430		
Mevrouw		B_PER_13
Kendir	B-PER	I_PER_13
(		
Student		
&		
Starter		
)		
merkt		
op		
dat		
de		B_PER_6
burgemeester		I_PER_6
positief		
stond		
tegenover		
de		
suggesties		
van		
haar		B_PER_13
fractie		
.		
Zij		B_PER_13
vraagt		
wanneer		
zij		B_PER_13
een		
update		
kan		
Griffie		
Gemeenteraad		
Utrecht		
Verslag		
van		
de		
openbare		
fysieke		
vergadering		
van		
de		
Commissie		
Mens		
&		
Samenleving		
op		
30		
september		
2021		
Pagina		
10		
van		
12		
verwachten		
over		
het		
gesprek		
dat		
gevoerd		
zal		
worden		
met		
de		
bedrijven		
en		
het		
communicatieteam		
.		
De		B_PER_3
voorzitter		I_PER_3
beschouwt		
dit		
als		
een		
nieuw		
onderwerp		
.		
De		B_PER_15
heer		I_PER_15
Bosch	B-PER	I_PER_15
(		
PVV		
)		
vraagt		
hoe		
de		
definitieve		
uitslag		
mondeling		
volgens		
de		
Kieswet		
kenbaar		
wordt		
gemaakt		
.		
Hij		B_PER_15
vraagt		
of		
het		
gegarandeerd		
is		
dat		
de		
ongeldig		
verklaarde		
budgetten		
worden		
getoond		
wanneer		
burgers		
die		
willen		
zien		
.		
440		
Beantwoording		
Burgemeester		B_PER_6
Dijksma	B-PER	I_PER_6
zet		
uiteen		
dat		
als		
het		
gaat		
om		
hoe		
de		
gemeente		
het		
gaat		
doen		
met		
vrijwilligers		
en		
de		
suggesties		
die		
daarover		
gedaan		
zijn		
,		
zij		B_PER_6
mogelijk		
in		
januari		
iets		
kan		
zeggen		
.		
Zij		B_PER_6
zal		
nagaan		
bij		
haar		B_PER_6
adviseurs		
wat		
haalbaar		
is		
.		
Nog		
geen		
duidelijkheid		
is		
er		
vanuit		
BZK		
over		
early		
voting		
.		
Als		
het		
gaat		
om		
het		
tonen		
van		
ongeldige		
biljetten		
vermoedt		
de		B_PER_6
burgemeester		I_PER_6
dat		
het		
belangrijk		
is		
dat		
dat		
mogelijk		
is		
en		
zij		B_PER_6
benadrukt		
dat		
dat		
goed		
geregeld		
moet		
worden		
.		
Tweede		
termijn		
450		
Mevrouw		B_PER_9
Admiraal	B-PER	I_PER_9
(		
ChristenUnie		
)		
ziet		
de		
noodzakelijkheid		
nog		
niet		
,		
voortkomend		
uit		
het		
wetsvoorstel		
.		
Zij		B_PER_9
krijgt		
daarin		
graag		
meer		
inzicht		
in		
dat		
dit		
een		
grote		
achterlig-		
gende		
reden		
is		
voor		
het		
raadsvoorstel		
.		
In		
de		
memorie		
van		
toelichting		
wordt		
gespro-		
ken		
over		
optie		
1		
en		
optie		
2		
.		
Optie		
2		
is		
de		
CSO		
.		
Zij		B_PER_9
ziet		
graag		
een		
uitwerking		
van		
optie		
1		
zonder		
de		
CSO		
.		
Het		
lijkt		
haar		B_PER_9
goede		
informatie		
voor		
de		
raad		
.		
De		B_PER_10
heer		I_PER_10
Van	B-PER	I_PER_10
Steeg	I-PER	I_PER_10
(		
CDA		
)		
komt		
terug		
bij		
de		
commissie		
op		
wat		
mevrouw		B_PER_9
Admiraal	B-PER	I_PER_9
heeft		
gezegd		
over		
de		
noodzaak		
van		
de		
CSO		
.		
Hij		B_PER_10
heeft		
begrepen		
uit		
de		
stukken		
dat		
de		
stad		
Utrecht		
niet		
anders		
kan		
.		
Het		
telproces		
maakt		
de		
CSO		
noodzakelijk		
als		
gevolg		
van		
wijzigingen		
in		
de		
Kieswet		
.		
Wanneer		
dat		
niet		
het		
geval		
is		
,		
moet		
gekeken		
worden		
460		
of		
de		
CSO		
noodzakelijk		
is		
.		
De		B_PER_16
heer		I_PER_16
Sungur	B-PER	I_PER_16
(		
DENK		
)		
heeft		
zich		B_PER_16
bij		
de		
Voorjaarsnota		
uitgesproken		
over		
opkomst-		
bevorderende		
maatregelen		
.		
Wanneer		
kan		
hij		B_PER_16
de		
afdoening		
van		
de		
desbetreffende		
motie		
verwachten		
?		
Korte		
schorsing		
en		
heropening		
van		
de		
vergadering		
.		
Burgemeester		B_PER_6
Dijksma	B-PER	I_PER_6
begrijpt		
waarom		
het		
belangrijk		
is		
dat		
de		
raad		
met		
haar		B_PER_6
kan		
inschatten		
waarom		
CSO		
noodzakelijk		
is		
in		
dat		
nieuwe		
wetsvoorstel		
.		
De		
optie		
van		
de		
470		
keuze		
zit		
er		
in		
.		
Zij		B_PER_6
refereert		
aan		
de		
inbreng		
van		
de		B_PER_10
heer		I_PER_10
Van	B-PER	I_PER_10
Steeg	I-PER	I_PER_10
:		
dat		
dat		
feitelijk		
voor		
Utrecht		
geen		
optie		
is		
.		
Zij		B_PER_6
zal		
haar		B_PER_6
antwoord		
de		
commissie		
ook		
schriftelijk		
doen		
toekomen		
.		
In		
het		
nieuwe		
wetsvoorstel		
is		
de		
normering		
aangescherpt		
voor		
wat		
een		
foutmarge		
kan		
zijn		
op		
stembureauniveau		
.		
De		
wens		
bestaat		
om		
het		
proces		
verdergaand		
te		
verbeteren		
.		
Dat		
betekent		
dat		
er		
een		
eis		
komt		
dat		
het		
gemeentelijk		
stembureau		
een		
hertelling		
zal		
laten		
plaatsvinden		
.		
Met		
de		
aantallen		
stemmen		
in		
de		
stad		
gaat		
het		
niet		
om		
slechts		
10		
stembussen		
het		
kan		
om		
honderden		
stembussen		
gaan		
.		
Dat		
maakt		
dat		
in		
de		
praktijk		
het		
niet		
doenlijk		
is		
het		
zo		
te		
doen		
.		
Dus		
is		
voor		
de		
gemeente		
Utrecht		
CSO		
in		
pragmatisch		
opzicht		
,		
verreweg		
de		
enige		
oplossing		
.		
480		
Griffie		
Gemeenteraad		
Utrecht		
Verslag		
van		
de		
openbare		
fysieke		
vergadering		
van		
de		
Commissie		
Mens		
&		
Samenleving		
op		
30		
september		
2021		
Pagina		
11		
van		
12		
De		B_PER_6
burgemeester		I_PER_6
is		
bereid		
een		
bijdrage		
te		
leveren		
aan		
de		
extra		
kosten		
.		
Dat		
neemt		
niet		
weg		
dat		
de		
rekening		
zal		
oplopen		
.		
Zij		B_PER_6
vindt		
het		
belangrijk		
om		
dat		
te		
noemen		
.		
Zij		B_PER_6
gaat		
in		
op		
de		
vraag		
van		
de		B_PER_16
heer		I_PER_16
Sungur	B-PER	I_PER_16
over		
opkomstbevorderende		
maatregelen		
.		
Het		
college		
deed		
al		
suggesties		
.		
Feitelijk		
doet		
het		
college		
de		
motie		
pas		
af		
bij		
de		
vol-		
gende		
verkiezingen		
.		
De		
raad		
beslist		
over		
het		
formele		
moment		
van		
afdoening		
.		
In		
de		
aanloop		
naar		
de		
verkiezingen		
zal		
het		
college		
een		
aantal		
toezeggingen		
gestand		
doen		
.		
De		B_PER_16
heer		I_PER_16
Sungur	B-PER	I_PER_16
(		
DENK		
)		
merkt		
op		
dat		
bij		
de		
behandeling		
van		
de		
motie		
de		B_PER_6
burge-		I_PER_6
meester		I_PER_6
heeft		
toegezegd		
in		
september		
met		
een		
brief		
bij		
de		
commissie		
terug		
te		
ko-		
men		
over		
de		
acties		
die		
uitgezet		
zouden		
worden		
.		
Hij		B_PER_16
vraagt		
of		
de		
raad		
mag		
verwacht-		
en		
dat		
de		B_PER_6
burgemeester		I_PER_6
in		
oktober		
de		
raad		
een		
terugkoppeling		
geeft		
over		
de		
voorge-		
490		
nomen		
acties		
die		
recht		
doen		
aan		
de		
motie		
.		
Burgemeester		B_PER_6
Dijksma	B-PER	I_PER_6
antwoordt		
bevestigend		
.		
Als		
het		
gaat		
om		
de		
rekening		
aan		
BZK		
,		
zet		
de		B_PER_6
burgemeester		I_PER_6
uiteen		
dat		
vooraf		
duidelijk		
was		
dat		
de		
bijdrage		
vanuit		
BZK		
nooit		
kostendekkend		
zou		
worden		
.		
Zij		B_PER_6
licht		
toe		
dat		
het		
doorsturen		
van		
rekeningen		
niet		
past		
in		
haar		B_PER_6
stijl		
van		
policy		
.		
Zij		B_PER_6
denkt		
dat		
het		
belangrijk		
is		
bij		
BZK		
te		
blijven		
aangeven		
dat		
kosten		
voor		
de		
gemeenten		
oplopen		
,		
niet		
alleen		
voor		
de		
verkiezingen		
en		
het		
orga-		
niseren		
daarvan		
maar		
ook		
voor		
vele		
andere		
zaken		
.		
Dat		
doet		
het		
college		
ook		
in		
zijn		
contacten		
die		
het		
bij		
voortduring		
heeft		
.		
Ook		
via		
de		
VNG		
kaart		
het		
college		
het		
nodige		
aan		
.		
Zij		B_PER_6
betwijfelt		
ook		
of		
veel		
te		
bereiken		
is		
met		
het		
doorsturen		
van		
de		
rekening		
.		
Mevrouw		B_PER_8
Van	B-PER	I_PER_8
Dun	I-PER	I_PER_8
(		
D66		
)		
begrijpt		
dat		
dit		
niet		
de		
manier		
van		
de		B_PER_6
burgemeester		I_PER_6
is		
.		
Dit		
500		
is		
wel		
haar		B_PER_6
manier		
.		
Wanneer		
de		
gemeente		
een		
verzoek		
krijgt		
ergens		
aan		
mee		
te		
wer-		
ken		
,		
vindt		
zij		B_PER_8
de		
verhouding		
scheef		
als		
het		
gaat		
om		
de		
kosten		
voor		
de		
gemeente		
en		
de		
kosten		
voor		
degene		
die		
het		
verzoek		
doet		
.		
Het		
merendeel		
kwam		
bij		
de		
gemeente		
terecht		
.		
Zij		B_PER_8
vindt		
dat		
dat		
hoe		
dan		
ook		
aan		
de		
orde		
gesteld		
mag		
worden		
.		
Zij		B_PER_8
benadrukt		
dat		
de		
gemeente		
dit		
aan		
de		
orde		
moet		
stellen		
.		
Burgemeester		B_PER_6
Dijksma	B-PER	I_PER_6
is		
bereid		
om		
dit		
aan		
de		
orde		
te		
stellen		
.		
Zij		B_PER_6
denkt		
ook		
dat		
dat		
terecht		
is		
.		
Zij		B_PER_6
voorziet		
dat		
de		
verhouding		
eerder		
schever		
wordt		
dan		
minder		
scheef		
.		
Zij		B_PER_6
zal		
de		
kritiek		
overbrengen		
.		
De		B_PER_3
voorzitter		I_PER_3
concludeert		
dat		
dit		
onderwerp		
doorgeleid		
wordt		
naar		
de		
raad		
met		
de		
B-		
510		
status		
.		
In		
de		
afstemming		
met		
de		
commissie		
concludeert		
hij		B_PER_3
dat		
de		
commissie		
voor		
de		
bespreking		
15		
minuten		
uittrekt		
en		
dat		
de		B_PER_6
burgemeester		I_PER_6
de		
toegezegde		
brief		
voor		
de		
raadsbehandeling		
zal		
toesturen		
naar		
de		
commissie		
.		
Tot		
dat		
moment		
krijgt		
het		
voor		
de		
heer		B_PER_10
Van	B-PER	I_PER_10
Steeg	I-PER	I_PER_10
(		
CDA		
)		
de		
B-status		
.		
De		B_PER_16
heer		I_PER_16
Sungur	B-PER	I_PER_16
(		
DENK		
)		
vraagt		
of		
er		
fracties		
zijn		
die		
aan		
concrete		
voorstellen		
den-		
ken		
.		
Voor		
zijn		B_PER_16
fractie		
lijkt		
dit		
voorstel		
naar		
de		
A-status		
te		
gaan		
.		
voorzitter		B_PER_3
concludeert		
dat		
voorafgaand		
aan		
de		
raad		
te		
overleggen		
is		
over		
de		
status		
van		
dit		
agendapunt		
.		
Hij		B_PER_3
recapituleert		
de		
gedane		
toezegging		
:		
De		B_PER_6
burgemeester		I_PER_6
zal		
In		
Q1		
2022		
een		
brief		
sturen		
naar		
de		
raad		
waarin		
zij		B_PER_6
ingaat		
op		
de		
toegankelijkheid		
en		
520		
op		
hoe		
voortgegaan		
zal		
worden		
met		
de		
bureaus		
.		
Zij		B_PER_6
noemt		
ook		
de		
aanvullende		
vraag		
van		
mevrouw		B_PER_11
Assen	B-PER	I_PER_11
.		
Mevrouw		B_PER_8
Van	B-PER	I_PER_8
Dun	I-PER	I_PER_8
(		
D66		
)		
verneemt		
desgevraagd		
van		
de		B_PER_3
voorzitter		I_PER_3
dat		
de		
belofte		
van		
de		B_PER_6
burgemeester		I_PER_6
om		
op		
het		
ministerie		
in		
te		
gaan		
op		
de		
scheve		
financiële		
verhouding		
als		
het		
gaat		
om		
de		
bijdrage		
vanuit		
het		
Rijk		
,		
niet		
opgenomen		
zal		
worden		
als		
een		
toezegging		
aangezien		
daaraan		
geen		
stuk		
is		
verbonden		
.		
Griffie		
Gemeenteraad		
Utrecht		
Verslag		
van		
de		
openbare		
fysieke		
vergadering		
van		
de		
Commissie		
Mens		
&		
Samenleving		
op		
30		
september		
2021		
Pagina		
12		
van		
12		
De		B_PER_16
heer		I_PER_16
Sungur	B-PER	I_PER_16
(		
DENK		
)		
verneemt		
bevestiging		
van		
de		B_PER_3
voorzitter		I_PER_3
dat		
de		
eerdere		
toezegging		
waaraan		
hij		B_PER_3
refereerde		
in		
deze		
vergadering		
nog		
loopt		
.		
530		
De		B_PER_3
voorzitter		I_PER_3
sluit		
de		
vergadering		
om		
11.12		
uur		
en		
neemt		
bij		
acclamatie		
afscheid		
van		
deze		
commissie		
.		